/*
SQLyog Ultimate v12.4.3 (64 bit)
MySQL - 10.1.30-MariaDB : Database - db_dashboard-pariwisata
*********************************************************************
*/

/*!40101 SET NAMES utf8 */;

/*!40101 SET SQL_MODE=''*/;

/*!40014 SET @OLD_UNIQUE_CHECKS=@@UNIQUE_CHECKS, UNIQUE_CHECKS=0 */;
/*!40014 SET @OLD_FOREIGN_KEY_CHECKS=@@FOREIGN_KEY_CHECKS, FOREIGN_KEY_CHECKS=0 */;
/*!40101 SET @OLD_SQL_MODE=@@SQL_MODE, SQL_MODE='NO_AUTO_VALUE_ON_ZERO' */;
/*!40111 SET @OLD_SQL_NOTES=@@SQL_NOTES, SQL_NOTES=0 */;
CREATE DATABASE /*!32312 IF NOT EXISTS*/`db_dashboard-pariwisata` /*!40100 DEFAULT CHARACTER SET latin1 */;

USE `db_dashboard-pariwisata`;

/*Data for the table `tb_jenis_kebangsaan` */

insert  into `tb_jenis_kebangsaan`(`id_jenis_kebangsaan`,`jenis_kebangsaan`,`ket`) values 
(1,'Asia Pasific exclude ASEAN',NULL),
(2,'ASEAN',NULL),
(3,'AFRICA',NULL),
(4,'AMERICA',NULL),
(5,'EUROPE',NULL),
(6,'MIDDLE EAST',NULL);

/*Data for the table `tb_jlh_penumpang` */

insert  into `tb_jlh_penumpang`(`id_jlh_penumpang`,`id_pintu_masuk`,`jlh_internasional`,`jlh_domestik`,`total`,`bulan`,`tahun`,`keterangan`,`created_at`,`updated_at`) values 
(1,3,100098,61841,161939,'Januari','2000','','2019-11-01 20:58:20','2019-11-04 12:27:48'),
(2,3,106085,46427,152512,'Februari','2000','','2019-11-01 20:58:47','2019-11-04 12:27:57'),
(3,3,103929,49456,153385,'Maret','2000','','2019-11-01 20:59:24','2019-11-04 12:28:07'),
(4,3,115910,51978,167888,'April','2000','','2019-11-01 20:59:50','2019-11-04 12:28:15'),
(5,3,98722,47715,146437,'Mei','2000','','2019-11-01 21:00:47','2019-11-04 12:28:26'),
(6,3,109127,54613,163740,'Juni','2000','','2019-11-01 21:01:10','2019-11-04 12:28:35'),
(7,3,126451,72944,199395,'Juli','2000','','2019-11-01 21:01:29','2019-11-04 12:28:56'),
(8,3,133860,68220,202080,'Agustus','2000','','2019-11-01 21:01:52','2019-11-04 12:29:06'),
(9,3,134230,63877,198107,'September','2000','','2019-11-01 21:02:13','2019-11-04 12:29:13'),
(10,3,131420,70346,201766,'Oktober','2000','','2019-11-01 21:02:55','2019-11-04 12:29:31'),
(11,3,118295,54567,172862,'November','2000','','2019-11-01 21:03:16','2019-11-04 12:29:43'),
(12,3,116459,72629,189088,'Desember','2000','','2019-11-01 21:03:36','2019-11-04 12:29:53'),
(13,2,0,266558,266558,'Januari','2000','','2019-11-01 21:05:54','2019-11-04 03:43:21'),
(14,2,0,271226,271226,'Februari','2000','','2019-11-01 21:06:26','2019-11-04 03:43:21'),
(15,2,0,278466,278466,'Maret','2000','','2019-11-01 21:06:45','2019-11-04 03:43:21'),
(16,2,0,230523,230523,'April','2000','','2019-11-01 21:07:11','2019-11-04 03:43:21'),
(17,2,0,210821,210821,'Mei','2000','','2019-11-01 21:08:14','2019-11-04 03:43:21'),
(18,2,0,247102,247102,'Juni','2000','','2019-11-01 21:08:33','2019-11-04 03:43:21'),
(19,2,0,241452,241452,'Juli','2000','','2019-11-01 21:09:02','2019-11-04 03:43:21'),
(20,2,0,256731,256731,'Agustus','2000','','2019-11-01 21:09:19','2019-11-04 03:43:21'),
(21,2,0,252321,252321,'September','2000','','2019-11-01 21:09:35','2019-11-04 03:43:21'),
(22,2,0,263211,263211,'Oktober','2000','','2019-11-01 21:10:07','2019-11-04 03:43:21'),
(23,2,0,272414,272414,'November','2000','','2019-11-01 21:11:35','2019-11-04 03:43:21'),
(24,2,0,269986,269986,'Desember','2000','','2019-11-01 21:11:54','2019-11-04 03:43:21'),
(25,1,0,66449,66449,'Januari','2000','','2019-11-01 21:13:07','2019-11-04 03:43:21'),
(26,1,0,28943,28943,'Februari','2000','','2019-11-01 21:13:40','2019-11-04 03:43:21'),
(27,1,0,34477,34477,'Maret','2000','','2019-11-01 21:14:29','2019-11-04 03:43:21'),
(28,1,0,35620,35620,'April','2000','','2019-11-01 21:14:47','2019-11-04 03:43:21'),
(29,1,0,34533,34533,'Mei','2000','','2019-11-01 21:15:07','2019-11-04 03:43:21'),
(30,1,0,33626,33626,'Juni','2000','','2019-11-01 21:15:26','2019-11-04 03:43:21'),
(31,1,0,46075,46075,'Juli','2000','','2019-11-01 21:15:41','2019-11-04 03:43:21'),
(32,1,0,37211,37211,'Agustus','2000','','2019-11-01 21:16:02','2019-11-04 03:43:21'),
(33,1,0,35708,35708,'September','2000','','2019-11-01 21:16:21','2019-11-04 03:43:21'),
(34,1,0,37682,37682,'Oktober','2000','','2019-11-01 21:16:55','2019-11-04 03:43:21'),
(35,1,0,33031,33031,'November','2000','','2019-11-01 21:17:13','2019-11-04 03:43:21'),
(36,1,0,37675,37675,'Desember','2000','','2019-11-01 21:17:27','2019-11-04 03:43:21'),
(37,3,117309,61755,179064,'Januari','2001','','2019-11-01 21:21:57','2019-11-04 12:39:44'),
(38,3,108607,53870,162477,'Februari','2001','','2019-11-01 21:22:14','2019-11-04 12:39:58'),
(39,3,115427,57820,173247,'Maret','2001','','2019-11-01 21:22:31','2019-11-04 12:40:22'),
(40,3,116435,56801,173236,'April','2001','','2019-11-01 21:22:50','2019-11-04 12:40:32'),
(41,3,124951,61613,186564,'Mei','2001','','2019-11-01 21:23:13','2019-11-04 12:40:44'),
(42,3,128031,61616,189647,'Juni','2001','','2019-11-01 21:23:34','2019-11-04 12:40:55'),
(43,3,132810,67769,200579,'Juli','2001','','2019-11-01 21:23:51','2019-11-04 12:41:02'),
(44,3,142709,76053,218762,'Agustus','2001','','2019-11-01 21:24:07','2019-11-04 12:41:08'),
(45,3,139605,67484,207089,'September','2001','','2019-11-01 21:25:27','2019-11-04 12:41:15'),
(46,3,126255,70930,197185,'Oktober','2001','','2019-11-01 21:25:46','2019-11-04 12:41:25'),
(47,3,96509,54703,151212,'November','2001','','2019-11-01 21:26:19','2019-11-04 12:41:32'),
(48,3,105339,92018,197357,'Desember','2001','','2019-11-01 21:26:43','2019-11-04 12:41:40'),
(49,2,0,277401,277401,'Januari','2001','','2019-11-01 21:28:09','2019-11-04 03:43:21'),
(50,2,0,206445,206445,'Februari','2001','','2019-11-01 21:28:33','2019-11-04 03:43:21'),
(51,2,0,197916,197916,'Maret','2001','','2019-11-01 21:28:51','2019-11-04 03:43:21'),
(52,2,0,152883,152883,'April','2001','','2019-11-01 21:29:05','2019-11-04 03:43:21'),
(53,2,0,152783,152783,'Mei','2001','','2019-11-01 21:29:22','2019-11-04 03:43:21'),
(54,2,0,200667,200667,'Juni','2001','','2019-11-01 21:29:38','2019-11-04 03:43:21'),
(55,2,0,243979,243979,'Juli','2001','','2019-11-01 21:29:59','2019-11-04 03:43:21'),
(56,2,0,149610,149610,'Agustus','2001','','2019-11-01 21:30:14','2019-11-04 03:43:21'),
(57,2,0,145398,145398,'September','2001','','2019-11-01 21:30:29','2019-11-04 03:43:21'),
(58,2,0,171782,171782,'Oktober','2001','','2019-11-01 21:30:43','2019-11-04 03:43:21'),
(59,2,0,180230,180230,'November','2001','','2019-11-01 21:30:59','2019-11-04 03:43:21'),
(60,2,0,308797,308797,'Desember','2001','','2019-11-01 21:31:13','2019-11-04 03:43:21'),
(61,1,0,54242,54242,'Januari','2001','','2019-11-01 21:32:49','2019-11-04 03:43:21'),
(62,1,0,22828,22828,'Februari','2001','','2019-11-01 21:33:02','2019-11-04 03:43:21'),
(63,1,0,34503,34503,'Maret','2001','','2019-11-01 21:33:15','2019-11-04 03:43:21'),
(64,1,0,29926,29926,'April','2001','','2019-11-01 21:33:31','2019-11-04 03:43:21'),
(65,1,0,30278,30278,'Mei','2001','','2019-11-01 21:33:44','2019-11-04 03:43:21'),
(66,1,0,36228,36228,'Juni','2001','','2019-11-01 21:33:57','2019-11-04 03:43:21'),
(67,1,0,45982,45982,'Juli','2001','','2019-11-01 21:34:10','2019-11-04 03:43:21'),
(68,1,0,37034,37034,'Agustus','2001','','2019-11-01 21:34:23','2019-11-04 03:43:21'),
(69,1,0,34616,34616,'September','2001','','2019-11-01 21:34:36','2019-11-04 03:43:21'),
(70,1,0,34802,34802,'Oktober','2001','','2019-11-01 21:34:50','2019-11-04 03:43:21'),
(71,1,0,28211,28211,'November','2001','','2019-11-01 21:35:06','2019-11-04 03:43:21'),
(72,1,0,58102,58102,'Desember','2001','','2019-11-01 21:35:18','2019-11-04 03:43:21'),
(73,3,99061,61566,160627,'Januari','2002','','2019-11-04 01:10:13','2019-11-04 03:43:21'),
(74,3,103804,59970,163774,'Februari','2002','','2019-11-04 01:15:09','2019-11-04 03:43:21'),
(75,3,133292,72740,206032,'Maret','2002','','2019-11-04 01:15:25','2019-11-04 03:43:21'),
(76,3,114647,64010,178657,'April','2002','','2019-11-04 01:15:49','2019-11-04 03:43:21'),
(77,3,129817,74959,204776,'Mei','2002','','2019-11-04 01:16:10','2019-11-04 03:43:21'),
(78,3,141291,82136,223427,'Juni','2002','','2019-11-04 01:17:25','2019-11-04 03:43:21'),
(79,3,158128,102286,260414,'Juli','2002','','2019-11-04 01:17:40','2019-11-04 03:43:21'),
(80,3,166606,88949,255555,'Agustus','2002','','2019-11-04 01:17:56','2019-11-04 03:43:21'),
(81,3,151984,78525,230509,'September','2002','','2019-11-04 01:18:15','2019-11-04 03:43:21'),
(82,3,93119,76420,169539,'Oktober','2002','','2019-11-04 01:18:37','2019-11-04 03:43:21'),
(83,3,43074,54493,97567,'November','2002','','2019-11-04 01:18:54','2019-11-04 03:43:21'),
(84,3,80754,110451,191205,'Desember','2002','','2019-11-04 01:19:14','2019-11-04 03:43:21'),
(85,2,0,146631,146631,'Januari','2002','','2019-11-04 01:19:50','2019-11-04 03:43:21'),
(86,2,0,104434,104434,'Februari','2002','','2019-11-04 01:20:05','2019-11-04 03:43:21'),
(87,2,0,179070,179070,'Maret','2002','','2019-11-04 01:20:23','2019-11-04 03:43:21'),
(88,2,0,139893,139893,'April','2002','','2019-11-04 01:20:41','2019-11-04 03:43:21'),
(89,2,0,182980,182980,'Mei','2002','','2019-11-04 01:21:04','2019-11-04 03:43:21'),
(90,2,0,216664,216664,'Juni','2002','','2019-11-04 01:21:24','2019-11-04 03:43:21'),
(91,2,0,258487,258487,'Juli','2002','','2019-11-04 01:21:44','2019-11-04 03:43:21'),
(92,2,0,158527,158527,'Agustus','2002','','2019-11-04 01:22:00','2019-11-04 03:43:21'),
(93,2,0,148887,148887,'September','2002','','2019-11-04 01:22:16','2019-11-04 03:43:21'),
(94,2,0,160396,160396,'Oktober','2002','','2019-11-04 01:22:40','2019-11-04 03:43:21'),
(95,2,0,114159,114159,'November','2002','','2019-11-04 01:22:57','2019-11-04 03:43:21'),
(96,2,0,307870,307870,'Desember','2002','','2019-11-04 01:23:14','2019-11-04 03:43:21'),
(97,1,0,38053,38053,'Januari','2002','','2019-11-04 01:25:27','2019-11-04 03:43:21'),
(98,1,0,19791,19791,'Februari','2002','','2019-11-04 01:25:42','2019-11-04 03:43:21'),
(99,1,0,29199,29199,'Maret','2002','','2019-11-04 01:25:57','2019-11-04 03:43:21'),
(100,1,0,25058,25058,'April','2002','','2019-11-04 01:26:11','2019-11-04 03:43:21'),
(101,1,0,24882,24882,'Mei','2002','','2019-11-04 01:26:24','2019-11-04 03:43:21'),
(102,1,0,36168,36168,'Juni','2002','','2019-11-04 01:26:42','2019-11-04 03:43:21'),
(103,1,0,39982,39982,'Juli','2002','','2019-11-04 01:26:59','2019-11-04 03:43:21'),
(104,1,0,33838,33838,'Agustus','2002','','2019-11-04 01:27:12','2019-11-04 03:43:21'),
(105,1,0,28704,28704,'September','2002','','2019-11-04 01:27:26','2019-11-04 03:43:21'),
(106,1,0,25331,25331,'Oktober','2002','','2019-11-04 01:27:40','2019-11-04 03:43:21'),
(107,1,0,20940,20940,'November','2002','','2019-11-04 01:27:52','2019-11-04 03:43:21'),
(108,1,0,46955,46955,'Desember','2002','','2019-11-04 01:28:07','2019-11-04 03:43:21'),
(109,3,72534,79315,151849,'Januari','2003','','2019-11-04 01:31:31','2019-11-04 03:43:21'),
(110,3,75042,64748,139790,'Februari','2003','','2019-11-04 01:31:44','2019-11-04 03:43:21'),
(111,3,81329,69793,151122,'Maret','2003','','2019-11-04 01:31:59','2019-11-04 03:43:21'),
(112,3,57768,66187,123955,'April','2003','','2019-11-04 01:32:13','2019-11-04 03:43:21'),
(113,3,50109,80402,130511,'Mei','2003','','2019-11-04 01:32:29','2019-11-04 03:43:21'),
(114,3,86722,93746,180468,'Juni','2003','','2019-11-04 01:32:46','2019-11-04 03:43:21'),
(115,3,116762,123676,240438,'Juli','2003','','2019-11-04 01:33:04','2019-11-04 03:43:21'),
(116,3,121315,99684,220999,'Agustus','2003','','2019-11-04 01:33:36','2019-11-04 03:43:21'),
(117,3,113664,94522,208186,'September','2003','','2019-11-04 01:33:51','2019-11-04 03:43:21'),
(118,3,105627,106334,211961,'Oktober','2003','','2019-11-04 01:34:05','2019-11-04 03:43:21'),
(119,3,97584,94836,192420,'November','2003','','2019-11-04 01:34:24','2019-11-04 03:43:21'),
(120,3,106459,126486,232945,'Desember','2003','','2019-11-04 01:34:41','2019-11-04 03:43:21'),
(121,2,0,170817,170817,'Januari','2003','','2019-11-04 01:35:46','2019-11-04 03:43:21'),
(122,2,0,108123,108123,'Februari','2003','','2019-11-04 01:36:00','2019-11-04 03:43:21'),
(123,2,0,118631,118631,'Maret','2003','','2019-11-04 01:36:13','2019-11-04 03:43:21'),
(124,2,0,130556,130556,'April','2003','','2019-11-04 01:36:26','2019-11-04 03:43:21'),
(125,2,0,158720,158720,'Mei','2003','','2019-11-04 01:36:43','2019-11-04 03:43:21'),
(126,2,0,158423,158423,'Juni','2003','','2019-11-04 01:37:03','2019-11-04 03:43:21'),
(127,2,0,192100,192100,'Juli','2003','','2019-11-04 01:37:15','2019-11-04 03:43:21'),
(128,2,0,129729,129729,'Agustus','2003','','2019-11-04 01:37:27','2019-11-04 03:43:21'),
(129,2,0,118618,118618,'September','2003','','2019-11-04 01:37:43','2019-11-04 03:43:21'),
(130,2,0,129666,129666,'Oktober','2003','','2019-11-04 01:37:54','2019-11-04 03:43:21'),
(131,2,0,182374,182374,'November','2003','','2019-11-04 01:38:10','2019-11-04 03:43:21'),
(132,2,0,237676,237676,'Desember','2003','','2019-11-04 01:38:23','2019-11-04 03:43:21'),
(133,1,0,34449,34449,'Januari','2003','','2019-11-04 01:40:10','2019-11-04 03:43:21'),
(134,1,0,27811,27811,'Februari','2003','','2019-11-04 01:40:20','2019-11-04 03:43:21'),
(135,1,0,28487,28487,'Maret','2003','','2019-11-04 01:40:30','2019-11-04 03:43:21'),
(136,1,0,26321,26321,'April','2003','','2019-11-04 01:40:42','2019-11-04 03:43:21'),
(137,1,0,21391,21391,'Mei','2003','','2019-11-04 01:40:55','2019-11-04 03:43:21'),
(138,1,0,32893,32893,'Juni','2003','','2019-11-04 01:41:10','2019-11-04 03:43:21'),
(139,1,0,32478,32478,'Juli','2003','','2019-11-04 01:41:22','2019-11-04 03:43:21'),
(140,1,0,31508,31508,'Agustus','2003','','2019-11-04 01:41:33','2019-11-04 03:43:21'),
(141,1,0,21321,21321,'September','2003','','2019-11-04 01:41:46','2019-11-04 03:43:21'),
(142,1,0,20084,20084,'Oktober','2003','','2019-11-04 01:41:59','2019-11-04 03:43:21'),
(143,1,0,23483,23483,'November','2003','','2019-11-04 01:42:11','2019-11-04 03:43:21'),
(144,1,0,34443,34443,'Desember','2003','','2019-11-04 01:42:22','2019-11-04 03:43:21'),
(145,3,116084,106842,222926,'Januari','2004','','2019-11-04 01:44:48','2019-11-04 03:43:21'),
(146,3,96700,88648,185348,'Februari','2004','','2019-11-04 01:45:03','2019-11-04 03:43:21'),
(147,3,99375,88230,187605,'Maret','2004','','2019-11-04 01:45:17','2019-11-04 03:43:21'),
(148,3,103841,93047,196888,'April','2004','','2019-11-04 01:45:31','2019-11-04 03:43:21'),
(149,3,109323,98313,207636,'Mei','2004','','2019-11-04 01:45:54','2019-11-04 03:43:21'),
(150,3,124326,117700,242026,'Juni','2004','','2019-11-04 01:46:11','2019-11-04 03:43:21'),
(151,3,146474,137052,283526,'Juli','2004','','2019-11-04 01:46:35','2019-11-04 03:43:21'),
(152,3,158415,141852,300267,'Agustus','2004','','2019-11-04 01:46:54','2019-11-04 03:43:21'),
(153,3,144384,143471,287855,'September','2004','','2019-11-04 01:47:10','2019-11-04 03:43:21'),
(154,3,137558,124504,262062,'Oktober','2004','','2019-11-04 01:47:22','2019-11-04 03:43:21'),
(155,3,127700,139186,266886,'November','2004','','2019-11-04 01:47:39','2019-11-04 03:43:21'),
(156,3,131175,160570,291745,'Desember','2004','','2019-11-04 01:47:54','2019-11-04 03:43:21'),
(157,2,0,162380,162380,'Januari','2004','','2019-11-04 01:50:42','2019-11-04 03:43:21'),
(158,2,0,127564,127564,'Februari','2004','','2019-11-04 01:50:57','2019-11-04 03:43:21'),
(159,2,0,100047,100047,'Maret','2004','','2019-11-04 01:51:08','2019-11-04 03:43:21'),
(160,2,0,115176,115176,'April','2004','','2019-11-04 01:51:21','2019-11-04 03:43:21'),
(161,2,0,128431,128431,'Mei','2004','','2019-11-04 01:51:31','2019-11-04 03:43:21'),
(162,2,0,156129,156129,'Juni','2004','','2019-11-04 01:51:45','2019-11-04 03:43:21'),
(163,2,0,202465,202465,'Juli','2004','','2019-11-04 01:51:59','2019-11-04 03:43:21'),
(164,2,0,138451,138451,'Agustus','2004','','2019-11-04 01:52:12','2019-11-04 03:43:21'),
(165,2,0,132523,132523,'September','2004','','2019-11-04 01:52:27','2019-11-04 03:43:21'),
(166,2,0,120487,120487,'Oktober','2004','','2019-11-04 01:52:39','2019-11-04 03:43:21'),
(167,2,0,293042,293042,'November','2004','','2019-11-04 01:52:51','2019-11-04 03:43:21'),
(168,2,0,176855,176855,'Desember','2004','','2019-11-04 01:53:06','2019-11-04 03:43:21'),
(169,1,0,20568,20568,'Januari','2004','','2019-11-04 01:53:40','2019-11-04 03:43:21'),
(170,1,0,15649,15649,'Februari','2004','','2019-11-04 01:53:51','2019-11-04 03:43:21'),
(171,1,0,15351,15351,'Maret','2004','','2019-11-04 01:54:05','2019-11-04 03:43:21'),
(172,1,0,15812,15812,'April','2004','','2019-11-04 01:54:17','2019-11-04 03:43:21'),
(173,1,0,18564,18564,'Mei','2004','','2019-11-04 01:54:31','2019-11-04 03:43:21'),
(174,1,0,17509,17509,'Juni','2004','','2019-11-04 01:54:45','2019-11-04 03:43:21'),
(175,1,0,27933,27933,'Juli','2004','','2019-11-04 01:55:01','2019-11-04 03:43:21'),
(176,1,0,15674,15674,'Agustus','2004','','2019-11-04 01:55:27','2019-11-04 03:43:21'),
(177,1,0,15197,15197,'September','2004','','2019-11-04 01:55:39','2019-11-04 03:43:21'),
(178,1,0,15335,15335,'Oktober','2004','','2019-11-04 01:55:51','2019-11-04 03:43:21'),
(179,1,0,36256,36256,'November','2004','','2019-11-04 01:56:02','2019-11-04 03:43:21'),
(180,1,0,21616,21616,'Desember','2004','','2019-11-04 01:56:13','2019-11-04 03:43:21'),
(181,3,114705,121900,236605,'Januari','2005','','2019-11-04 01:57:32','2019-11-04 03:43:21'),
(182,3,109928,115979,225907,'Februari','2005','','2019-11-04 01:57:45','2019-11-04 03:43:21'),
(183,3,125820,133630,259450,'Maret','2005','','2019-11-04 01:58:02','2019-11-04 03:43:21'),
(184,3,124309,123769,248078,'April','2005','','2019-11-04 01:58:19','2019-11-04 03:43:21'),
(185,3,125881,139760,265641,'Mei','2005','','2019-11-04 01:58:32','2019-11-04 03:43:21'),
(186,3,148501,142106,290607,'Juni','2005','','2019-11-04 01:58:47','2019-11-04 03:43:21'),
(187,3,170704,175148,345852,'Juli','2005','','2019-11-04 01:59:01','2019-11-04 03:43:21'),
(188,3,164391,164175,328566,'Agustus','2005','','2019-11-04 01:59:16','2019-11-04 03:43:21'),
(189,3,169659,160358,330017,'September','2005','','2019-11-04 01:59:29','2019-11-04 03:43:21'),
(190,3,94037,102035,196072,'Oktober','2005','','2019-11-04 01:59:43','2019-11-04 03:43:21'),
(191,3,75693,129888,205581,'November','2005','','2019-11-04 01:59:56','2019-11-04 03:43:21'),
(192,3,87555,142497,230052,'Desember','2005','','2019-11-04 02:00:09','2019-11-04 03:43:21'),
(193,2,0,163790,163790,'Januari','2005','','2019-11-04 02:00:58','2019-11-04 03:43:21'),
(194,2,0,127742,127742,'Februari','2005','','2019-11-04 02:01:11','2019-11-04 03:43:21'),
(195,2,0,168473,168473,'Maret','2005','','2019-11-04 02:01:23','2019-11-04 03:43:21'),
(196,2,0,141071,141071,'April','2005','','2019-11-04 02:01:34','2019-11-04 03:43:21'),
(197,2,0,145170,145170,'Mei','2005','','2019-11-04 02:01:47','2019-11-04 03:43:21'),
(198,2,0,162445,162445,'Juni','2005','','2019-11-04 02:02:00','2019-11-04 03:43:21'),
(199,2,0,203200,203200,'Juli','2005','','2019-11-04 02:02:14','2019-11-04 03:43:21'),
(200,2,0,148571,148571,'Agustus','2005','','2019-11-04 02:02:30','2019-11-04 03:43:21'),
(201,2,0,157958,157958,'September','2005','','2019-11-04 02:02:40','2019-11-04 03:43:21'),
(202,2,0,130340,130340,'Oktober','2005','','2019-11-04 02:02:53','2019-11-04 03:43:21'),
(203,2,0,251291,251291,'November','2005','','2019-11-04 02:03:03','2019-11-04 03:43:21'),
(204,2,0,141280,141280,'Desember','2005','','2019-11-04 02:03:16','2019-11-04 03:43:21'),
(205,1,0,17745,17745,'Januari','2005','','2019-11-04 02:06:29','2019-11-04 03:43:21'),
(206,1,0,30453,30453,'Februari','2005','','2019-11-04 02:06:40','2019-11-04 03:43:21'),
(207,1,0,30753,30753,'Maret','2005','','2019-11-04 02:06:52','2019-11-04 03:43:21'),
(208,1,0,31005,31005,'April','2005','','2019-11-04 02:07:03','2019-11-04 03:43:21'),
(209,1,0,37426,37426,'Mei','2005','','2019-11-04 02:07:14','2019-11-04 03:43:21'),
(210,1,0,37990,37990,'Juni','2005','','2019-11-04 02:07:24','2019-11-04 03:43:21'),
(211,1,0,51440,51440,'Juli','2005','','2019-11-04 02:07:34','2019-11-04 03:43:21'),
(222,1,0,50696,50696,'Agustus','2005','','2019-11-04 02:07:47','2019-11-04 03:43:21'),
(223,1,0,47966,47966,'September','2005','','2019-11-04 02:08:00','2019-11-04 03:43:21'),
(224,1,0,47577,47577,'Oktober','2005','','2019-11-04 02:08:12','2019-11-04 03:43:21'),
(225,1,0,59170,59170,'November','2005','','2019-11-04 02:08:33','2019-11-04 03:43:21'),
(226,1,0,39744,39744,'Desember','2005','','2019-11-04 02:08:45','2019-11-04 03:43:21'),
(227,3,90010,130379,220389,'Januari','2006','','2019-11-04 01:57:32','2019-11-04 03:43:21'),
(228,3,78824,106343,185167,'Februari','2006','','2019-11-04 01:57:45','2019-11-04 03:43:21'),
(229,3,92280,122888,215168,'Maret','2006','','2019-11-04 01:58:02','2019-11-04 03:43:21'),
(230,3,106896,145262,252158,'April','2006','','2019-11-04 01:58:19','2019-11-04 03:43:21'),
(231,3,113646,129426,243072,'Mei','2006','','2019-11-04 01:58:32','2019-11-04 03:43:21'),
(232,3,125603,139524,265127,'Juni','2006','','2019-11-04 01:58:47','2019-11-04 03:43:21'),
(233,3,142928,166269,309197,'Juli','2006','','2019-11-04 01:59:01','2019-11-04 03:43:21'),
(234,3,139584,162280,301864,'Agustus','2006','','2019-11-04 01:59:16','2019-11-04 03:43:21'),
(235,3,138604,142126,280730,'September','2006','','2019-11-04 01:59:29','2019-11-04 13:44:03'),
(236,3,135403,136123,271526,'Oktober','2006','','2019-11-04 01:59:43','2019-11-04 03:43:21'),
(237,3,127596,143259,270855,'November','2006','','2019-11-04 01:59:56','2019-11-04 03:43:21'),
(238,3,135734,173670,309404,'Desember','2006','','2019-11-04 02:00:09','2019-11-04 03:43:21'),
(239,2,0,178267,178267,'Januari','2006','','2019-11-04 02:00:58','2019-11-04 03:43:21'),
(240,2,0,134283,134283,'Februari','2006','','2019-11-04 02:01:11','2019-11-04 03:43:21'),
(241,2,0,125302,125302,'Maret','2006','','2019-11-04 02:01:23','2019-11-04 03:43:21'),
(242,2,0,135472,135472,'April','2006','','2019-11-04 02:01:34','2019-11-04 03:43:21'),
(243,2,0,144241,144241,'Mei','2006','','2019-11-04 02:01:47','2019-11-04 03:43:21'),
(244,2,0,167166,167166,'Juni','2006','','2019-11-04 02:02:00','2019-11-04 03:43:21'),
(245,2,0,197511,197511,'Juli','2006','','2019-11-04 02:02:14','2019-11-04 03:43:21'),
(246,2,0,157258,157258,'Agustus','2006','','2019-11-04 02:02:30','2019-11-04 03:43:21'),
(247,2,0,140627,140627,'September','2006','','2019-11-04 02:02:40','2019-11-04 03:43:21'),
(248,2,0,208331,208331,'Oktober','2006','','2019-11-04 02:02:53','2019-11-04 03:43:21'),
(249,2,0,187419,187419,'November','2006','','2019-11-04 02:03:03','2019-11-04 03:43:21'),
(250,2,0,153708,153708,'Desember','2006','','2019-11-04 02:03:16','2019-11-04 03:43:21'),
(251,1,0,37113,37113,'Januari','2006','','2019-11-04 02:06:29','2019-11-04 03:43:21'),
(252,1,0,32686,32686,'Februari','2006','','2019-11-04 02:06:40','2019-11-04 03:43:21'),
(253,1,0,39442,39442,'Maret','2006','','2019-11-04 02:06:52','2019-11-04 03:43:21'),
(254,1,0,41525,41525,'April','2006','','2019-11-04 02:07:03','2019-11-04 03:43:21'),
(255,1,0,42307,42307,'Mei','2006','','2019-11-04 02:07:14','2019-11-04 03:43:21'),
(256,1,0,39589,39589,'Juni','2006','','2019-11-04 02:07:24','2019-11-04 03:43:21'),
(257,1,0,51392,51392,'Juli','2006','','2019-11-04 02:07:34','2019-11-04 03:43:21'),
(258,1,0,46686,46686,'Agustus','2006','','2019-11-04 02:07:47','2019-11-04 03:43:21'),
(259,1,0,45350,45350,'September','2006','','2019-11-04 02:08:00','2019-11-04 03:43:21'),
(260,1,0,57424,57424,'Oktober','2006','','2019-11-04 02:08:12','2019-11-04 03:43:21'),
(261,1,0,60682,60682,'November','2006','','2019-11-04 02:08:33','2019-11-04 03:43:21'),
(262,1,0,44108,44108,'Desember','2006','','2019-11-04 02:08:45','2019-11-04 03:43:21'),
(263,3,125562,135786,261348,'Januari','2007','','2019-11-04 01:57:32','2019-11-04 03:43:21'),
(264,3,124829,116509,241338,'Februari','2007','','2019-11-04 01:57:45','2019-11-04 03:43:21'),
(265,3,135551,128821,264372,'Maret','2007','','2019-11-04 01:58:02','2019-11-04 03:43:21'),
(266,3,140406,133788,274194,'April','2007','','2019-11-04 01:58:19','2019-11-04 03:43:21'),
(267,3,158641,144415,303056,'Mei','2007','','2019-11-04 01:58:32','2019-11-04 03:43:21'),
(268,3,160599,175161,335760,'Juni','2007','','2019-11-04 01:58:47','2019-11-04 03:43:21'),
(269,3,179051,202978,382029,'Juli','2007','','2019-11-04 01:59:01','2019-11-04 03:43:21'),
(270,3,164300,191489,355789,'Agustus','2007','','2019-11-04 01:59:16','2019-11-04 03:43:21'),
(271,3,167856,144788,312644,'September','2007','','2019-11-04 01:59:29','2019-11-04 03:43:21'),
(272,3,158037,182474,340511,'Oktober','2007','','2019-11-04 01:59:43','2019-11-04 03:43:21'),
(273,3,146658,174356,321014,'November','2007','','2019-11-04 01:59:56','2019-11-04 03:43:21'),
(274,3,155848,211603,367451,'Desember','2007','','2019-11-04 02:00:09','2019-11-04 03:43:21'),
(275,2,0,184606,184606,'Januari','2007','','2019-11-04 02:00:58','2019-11-04 03:43:21'),
(276,2,0,138913,138913,'Februari','2007','','2019-11-04 02:01:11','2019-11-04 03:43:21'),
(277,2,0,155911,155911,'Maret','2007','','2019-11-04 02:01:23','2019-11-04 03:43:21'),
(278,2,0,158925,158925,'April','2007','','2019-11-04 02:01:34','2019-11-04 03:43:21'),
(279,2,0,180463,180463,'Mei','2007','','2019-11-04 02:01:47','2019-11-04 03:43:21'),
(280,2,0,205029,205029,'Juni','2007','','2019-11-04 02:02:00','2019-11-04 03:43:21'),
(281,2,0,228709,228709,'Juli','2007','','2019-11-04 02:02:14','2019-11-04 03:43:21'),
(282,2,0,194015,194015,'Agustus','2007','','2019-11-04 02:02:30','2019-11-04 03:43:21'),
(283,2,0,176781,176781,'September','2007','','2019-11-04 02:02:40','2019-11-04 03:43:21'),
(284,2,0,346559,346559,'Oktober','2007','','2019-11-04 02:02:53','2019-11-04 03:43:21'),
(285,2,0,187614,187614,'November','2007','','2019-11-04 02:03:03','2019-11-04 03:43:21'),
(286,2,0,293406,293406,'Desember','2007','','2019-11-04 02:03:16','2019-11-04 03:43:21'),
(287,1,0,38987,38987,'Januari','2007','','2019-11-04 02:06:29','2019-11-04 03:43:21'),
(288,1,0,35398,35398,'Februari','2007','','2019-11-04 02:06:40','2019-11-04 03:43:21'),
(289,1,0,35226,35226,'Maret','2007','','2019-11-04 02:06:52','2019-11-04 03:43:21'),
(290,1,0,36770,36770,'April','2007','','2019-11-04 02:07:03','2019-11-04 03:43:21'),
(291,1,0,39582,39582,'Mei','2007','','2019-11-04 02:07:14','2019-11-04 03:43:21'),
(292,1,0,42832,42832,'Juni','2007','','2019-11-04 02:07:24','2019-11-04 03:43:21'),
(293,1,0,55538,55538,'Juli','2007','','2019-11-04 02:07:34','2019-11-04 03:43:21'),
(294,1,0,49436,49436,'Agustus','2007','','2019-11-04 02:07:47','2019-11-04 03:43:21'),
(295,1,0,46552,46552,'September','2007','','2019-11-04 02:08:00','2019-11-04 03:43:21'),
(296,1,0,68114,68114,'Oktober','2007','','2019-11-04 02:08:12','2019-11-04 03:43:21'),
(297,1,0,51997,51997,'November','2007','','2019-11-04 02:08:33','2019-11-04 03:43:21'),
(298,1,0,44759,44759,'Desember','2007','','2019-11-04 02:08:45','2019-11-04 03:43:21'),
(299,3,150614,167520,318134,'Januari','2008','','2019-11-04 01:57:32','2019-11-04 03:43:21'),
(300,3,157300,160514,317814,'Februari','2008','','2019-11-04 01:57:45','2019-11-04 03:43:21'),
(301,3,163980,173555,337535,'Maret','2008','','2019-11-04 01:58:02','2019-11-04 03:43:21'),
(302,3,153961,153508,307469,'April','2008','','2019-11-04 01:58:19','2019-11-04 03:43:21'),
(303,3,166693,172451,339144,'Mei','2008','','2019-11-04 01:58:32','2019-11-04 03:43:21'),
(304,3,181911,185323,367234,'Juni','2008','','2019-11-04 01:58:47','2019-11-04 03:43:21'),
(305,3,196165,204981,401146,'Juli','2008','','2019-11-04 01:59:01','2019-11-04 03:43:21'),
(306,3,200485,195381,395866,'Agustus','2008','','2019-11-04 01:59:16','2019-11-04 03:43:21'),
(307,3,192442,143418,335860,'September','2008','','2019-11-04 01:59:29','2019-11-04 03:43:21'),
(308,3,196065,175727,371792,'Oktober','2008','','2019-11-04 01:59:43','2019-11-04 03:43:21'),
(309,3,151660,163901,315561,'November','2008','','2019-11-04 01:59:56','2019-11-04 03:43:21'),
(310,3,183204,197241,380445,'Desember','2008','','2019-11-04 02:00:09','2019-11-04 03:43:21'),
(311,2,0,231832,231832,'Januari','2008','','2019-11-04 02:00:58','2019-11-04 03:43:21'),
(312,2,0,177025,177025,'Februari','2008','','2019-11-04 02:01:11','2019-11-04 03:43:21'),
(313,2,0,217527,217527,'Maret','2008','','2019-11-04 02:01:23','2019-11-04 03:43:21'),
(314,2,0,211695,211695,'April','2008','','2019-11-04 02:01:34','2019-11-04 03:43:21'),
(315,2,0,227661,227661,'Mei','2008','','2019-11-04 02:01:47','2019-11-04 03:43:21'),
(316,2,0,267837,267837,'Juni','2008','','2019-11-04 02:02:00','2019-11-04 03:43:21'),
(317,2,0,376443,376443,'Juli','2008','','2019-11-04 02:02:14','2019-11-04 03:43:21'),
(318,2,0,263330,263330,'Agustus','2008','','2019-11-04 02:02:30','2019-11-04 03:43:21'),
(319,2,0,219281,219281,'September','2008','','2019-11-04 02:02:40','2019-11-04 03:43:21'),
(320,2,0,364394,364394,'Oktober','2008','','2019-11-04 02:02:53','2019-11-04 03:43:21'),
(321,2,0,195845,195845,'November','2008','','2019-11-04 02:03:03','2019-11-04 03:43:21'),
(322,2,0,272942,272942,'Desember','2008','','2019-11-04 02:03:16','2019-11-04 03:43:21'),
(323,1,0,46154,46154,'Januari','2008','','2019-11-04 02:06:29','2019-11-04 03:43:21'),
(324,1,0,33378,33378,'Februari','2008','','2019-11-04 02:06:40','2019-11-04 03:43:21'),
(325,1,0,42437,42437,'Maret','2008','','2019-11-04 02:06:52','2019-11-04 03:43:21'),
(326,1,0,42301,42301,'April','2008','','2019-11-04 02:07:03','2019-11-04 03:43:21'),
(327,1,0,44774,44774,'Mei','2008','','2019-11-04 02:07:14','2019-11-04 03:43:21'),
(328,1,0,49485,49485,'Juni','2008','','2019-11-04 02:07:24','2019-11-04 03:43:21'),
(329,1,0,58240,58240,'Juli','2008','','2019-11-04 02:07:34','2019-11-04 03:43:21'),
(330,1,0,56556,56556,'Agustus','2008','','2019-11-04 02:07:47','2019-11-04 03:43:21'),
(331,1,0,52545,52545,'September','2008','','2019-11-04 02:08:00','2019-11-04 03:43:21'),
(332,1,0,72544,72544,'Oktober','2008','','2019-11-04 02:08:12','2019-11-04 03:43:21'),
(333,1,0,47065,47065,'November','2008','','2019-11-04 02:08:33','2019-11-04 03:43:21'),
(334,1,0,51005,51005,'Desember','2008','','2019-11-04 02:08:45','2019-11-04 03:43:21'),
(335,3,178653,166217,344870,'Januari','2009','','2019-11-04 01:57:32','2019-11-04 03:43:21'),
(336,3,150543,143085,293628,'Februari','2009','','2019-11-04 01:57:45','2019-11-04 03:43:21'),
(337,3,180243,167349,347592,'Maret','2009','','2019-11-04 01:58:02','2019-11-04 03:43:21'),
(338,3,193391,166686,360077,'April','2009','','2019-11-04 01:58:19','2019-11-04 03:43:21'),
(339,3,200486,189022,389508,'Mei','2009','','2019-11-04 01:58:32','2019-11-04 03:43:21'),
(340,3,211968,203248,415216,'Juni','2009','','2019-11-04 01:58:47','2019-11-04 03:43:21'),
(341,3,248601,227738,476339,'Juli','2009','','2019-11-04 01:59:01','2019-11-04 03:43:21'),
(342,3,237332,203686,441018,'Agustus','2009','','2019-11-04 01:59:16','2019-11-04 03:43:21'),
(343,3,226652,189602,416254,'September','2009','','2019-11-04 01:59:29','2019-11-04 03:43:21'),
(344,3,223003,207878,430881,'Oktober','2009','','2019-11-04 01:59:43','2019-11-04 03:43:21'),
(345,3,191967,202564,394531,'November','2009','','2019-11-04 01:59:56','2019-11-04 03:43:21'),
(346,3,230809,233060,463869,'Desember','2009','','2019-11-04 02:00:09','2019-11-04 03:43:21'),
(347,2,0,245048,245048,'Januari','2009','','2019-11-04 02:00:58','2019-11-04 03:43:21'),
(348,2,0,173440,173440,'Februari','2009','','2019-11-04 02:01:11','2019-11-04 03:43:21'),
(349,2,0,228438,228438,'Maret','2009','','2019-11-04 02:01:23','2019-11-04 03:43:21'),
(350,2,0,216276,216276,'April','2009','','2019-11-04 02:01:34','2019-11-04 03:43:21'),
(351,2,0,260215,260215,'Mei','2009','','2019-11-04 02:01:47','2019-11-04 03:43:21'),
(352,2,0,268338,268338,'Juni','2009','','2019-11-04 02:02:00','2019-11-04 03:43:21'),
(353,2,0,300260,300260,'Juli','2009','','2019-11-04 02:02:14','2019-11-04 03:43:21'),
(354,2,0,230988,230988,'Agustus','2009','','2019-11-04 02:02:30','2019-11-04 03:43:21'),
(355,2,0,359002,359002,'September','2009','','2019-11-04 02:02:40','2019-11-04 03:43:21'),
(356,2,0,304918,304918,'Oktober','2009','','2019-11-04 02:02:53','2019-11-04 03:43:21'),
(357,2,0,239398,239398,'November','2009','','2019-11-04 02:03:03','2019-11-04 03:43:21'),
(358,2,0,334862,334862,'Desember','2009','','2019-11-04 02:03:16','2019-11-04 03:43:21'),
(359,1,0,48338,48338,'Januari','2009','','2019-11-04 02:06:29','2019-11-04 03:43:21'),
(360,1,0,36570,36570,'Februari','2009','','2019-11-04 02:06:40','2019-11-04 03:43:21'),
(361,1,0,46058,46058,'Maret','2009','','2019-11-04 02:06:52','2019-11-04 03:43:21'),
(362,1,0,48189,48189,'April','2009','','2019-11-04 02:07:03','2019-11-04 03:43:21'),
(363,1,0,51736,51736,'Mei','2009','','2019-11-04 02:07:14','2019-11-04 03:43:21'),
(364,1,0,56465,56465,'Juni','2009','','2019-11-04 02:07:24','2019-11-04 03:43:21'),
(365,1,0,61244,61244,'Juli','2009','','2019-11-04 02:07:34','2019-11-04 03:43:21'),
(366,1,0,57093,57093,'Agustus','2009','','2019-11-04 02:07:47','2019-11-04 03:43:21'),
(367,1,0,66453,66453,'September','2009','','2019-11-04 02:08:00','2019-11-04 03:43:21'),
(368,1,0,60641,60641,'Oktober','2009','','2019-11-04 02:08:12','2019-11-04 03:43:21'),
(369,1,0,45445,45445,'November','2009','','2019-11-04 02:08:33','2019-11-04 03:43:21'),
(370,1,0,52883,52883,'Desember','2009','','2019-11-04 02:08:45','2019-11-04 03:43:21'),
(371,3,199887,191726,391613,'Januari','2010','','2019-11-04 14:13:23','2019-11-04 14:13:23'),
(372,3,213456,181643,395099,'Februari','2010','','2019-11-04 14:13:56','2019-11-04 14:13:56'),
(373,3,217253,193742,410995,'Maret','2010','','2019-11-04 14:14:11','2019-11-04 14:14:11'),
(374,3,213060,199078,412138,'April','2010','','2019-11-04 14:14:22','2019-11-04 14:14:22'),
(375,3,225449,213242,438691,'Mei','2010','','2019-11-04 14:14:49','2019-11-04 14:14:49'),
(376,3,249756,230831,480587,'Juni','2010','','2019-11-04 14:15:04','2019-11-04 14:15:04'),
(377,3,288016,258998,547014,'Juli','2010','','2019-11-04 14:15:21','2019-11-04 14:15:21'),
(378,3,271735,200706,472441,'Agustus','2010','','2019-11-04 14:15:37','2019-11-04 14:15:37'),
(379,3,251569,238337,489906,'September','2010','','2019-11-04 14:15:49','2019-11-04 14:15:49'),
(380,3,246937,248312,495249,'Oktober','2010','','2019-11-04 14:16:03','2019-11-04 14:16:03'),
(381,3,209046,228264,437310,'November','2010','','2019-11-04 14:16:16','2019-11-04 14:16:16'),
(382,3,237776,283366,521142,'Desember','2010','','2019-11-04 14:16:29','2019-11-04 14:16:29'),
(383,2,0,370297,370297,'Januari','2010','','2019-11-04 14:17:04','2019-11-04 14:17:04'),
(384,2,0,212083,212083,'Februari','2010','','2019-11-04 14:17:16','2019-11-04 14:17:16'),
(385,2,0,148583,148583,'Maret','2010','','2019-11-04 14:17:28','2019-11-04 14:17:28'),
(386,2,0,435425,435425,'April','2010','','2019-11-04 14:17:43','2019-11-04 14:17:43'),
(387,2,0,460748,460748,'Mei','2010','','2019-11-04 14:17:59','2019-11-04 14:17:59'),
(388,2,0,497747,497747,'Juni','2010','','2019-11-04 14:18:53','2019-11-04 14:18:53'),
(389,2,0,525864,525864,'Juli','2010','','2019-11-04 14:19:09','2019-11-04 14:19:09'),
(390,2,0,405092,405092,'Agustus','2010','','2019-11-04 14:19:21','2019-11-04 14:19:21'),
(391,2,0,700713,700713,'September','2010','','2019-11-04 14:19:38','2019-11-04 14:19:38'),
(392,2,0,387955,387955,'Oktober','2010','','2019-11-04 14:19:52','2019-11-04 14:19:52'),
(393,2,0,358584,358584,'November','2010','','2019-11-04 14:20:03','2019-11-04 14:20:03'),
(394,2,0,321977,321977,'Desember','2010','','2019-11-04 14:20:21','2019-11-04 14:20:21'),
(395,1,0,46603,46603,'Januari','2010','','2019-11-04 02:06:29','2019-11-04 03:43:21'),
(396,1,0,42159,42159,'Februari','2010','','2019-11-04 02:06:40','2019-11-04 03:43:21'),
(397,1,0,49004,49004,'Maret','2010','','2019-11-04 02:06:52','2019-11-04 03:43:21'),
(398,1,0,45965,45965,'April','2010','','2019-11-04 02:07:03','2019-11-04 03:43:21'),
(400,1,0,36303,36303,'Mei','2010','','2019-11-04 02:07:14','2019-11-04 03:43:21'),
(401,1,0,59751,59751,'Juni','2010','','2019-11-04 02:07:24','2019-11-04 03:43:21'),
(402,1,0,75338,75338,'Juli','2010','','2019-11-04 02:07:34','2019-11-04 03:43:21'),
(403,1,0,49436,49436,'Agustus','2010','','2019-11-04 02:07:47','2019-11-04 03:43:21'),
(404,1,0,105751,105751,'September','2010','','2019-11-04 02:08:00','2019-11-04 03:43:21'),
(405,1,0,67973,67973,'Oktober','2010','','2019-11-04 02:08:12','2019-11-04 03:43:21'),
(406,1,0,47147,47147,'November','2010','','2019-11-04 02:08:33','2019-11-04 03:43:21'),
(407,1,0,50386,50386,'Desember','2010','','2019-11-04 02:08:45','2019-11-04 03:43:21'),
(408,3,226831,241418,468249,'Januari','2011','','2019-11-04 14:28:26','2019-11-04 14:28:26'),
(409,3,215312,228452,443764,'Februari','2011','','2019-11-04 14:28:39','2019-11-04 14:28:39'),
(410,3,218465,232021,450486,'Maret','2011','','2019-11-04 14:28:52','2019-11-04 14:28:52'),
(411,3,241684,244608,486292,'April','2011','','2019-11-04 14:29:07','2019-11-04 14:29:07'),
(412,3,237268,262609,499877,'Mei','2011','','2019-11-04 14:29:23','2019-11-04 14:29:23'),
(413,3,269969,280570,550539,'Juni','2011','','2019-11-04 14:29:47','2019-11-04 14:29:47'),
(414,3,304275,312529,616804,'Juli','2011','','2019-11-04 14:30:13','2019-11-04 14:30:13'),
(415,3,276359,255878,532237,'Agustus','2011','','2019-11-04 14:30:26','2019-11-04 14:30:26'),
(416,3,272539,283522,556061,'September','2011','','2019-11-04 14:30:40','2019-11-04 14:30:40'),
(417,3,268770,285235,554005,'Oktober','2011','','2019-11-04 14:30:55','2019-11-04 14:30:55'),
(418,3,276090,282209,558299,'November','2011','','2019-11-04 14:31:09','2019-11-04 14:31:09'),
(419,3,274798,317942,592740,'Desember','2011','','2019-11-04 14:31:23','2019-11-04 14:31:23'),
(420,2,0,228398,228398,'Januari','2011','','2019-11-04 14:31:23','2019-11-04 03:43:21'),
(421,2,0,323260,323260,'Februari','2011','','2019-11-04 14:31:23','2019-11-04 03:43:21'),
(423,2,0,346147,346147,'Maret','2011','','2019-11-04 14:31:23','2019-11-04 03:43:21'),
(424,2,0,375605,375605,'April','2011','','2019-11-04 14:31:23','2019-11-04 03:43:21'),
(425,2,0,474496,474496,'Mei','2011','','2019-11-04 14:31:23','2019-11-04 03:43:21'),
(426,2,0,460659,460659,'Juni','2011','','2019-11-04 14:31:23','2019-11-04 03:43:21'),
(427,2,0,441061,441061,'Juli','2011','','2019-11-04 14:31:23','2019-11-04 03:43:21'),
(428,2,0,326854,326854,'Agustus','2011','','2019-11-04 14:31:23','2019-11-04 03:43:21'),
(429,2,0,508093,508093,'September','2011','','2019-11-04 14:31:23','2019-11-04 03:43:21'),
(430,2,0,406452,406452,'Oktober','2011','','2019-11-04 14:31:23','2019-11-04 03:43:21'),
(431,2,0,466276,466276,'November','2011','','2019-11-04 14:31:23','2019-11-04 03:43:21'),
(432,2,0,414926,414926,'Desember','2011','','2019-11-04 14:31:23','2019-11-04 03:43:21'),
(433,1,0,43778,43778,'Januari','2011','','2019-11-04 14:31:23','2019-11-04 03:43:21'),
(434,1,0,37888,37888,'Februari','2011','','2019-11-04 14:31:23','2019-11-04 03:43:21'),
(435,1,0,46477,46477,'Maret','2011','','2019-11-04 14:31:23','2019-11-04 03:43:21'),
(436,1,0,44933,44933,'April','2011','','2019-11-04 14:31:23','2019-11-04 03:43:21'),
(437,1,0,50784,50784,'Mei','2011','','2019-11-04 14:31:23','2019-11-04 03:43:21'),
(438,1,0,56555,56555,'Juni','2011','','2019-11-04 14:31:23','2019-11-04 03:43:21'),
(439,1,0,66496,66496,'Juli','2011','','2019-11-04 14:31:23','2019-11-04 03:43:21'),
(440,1,0,66496,66496,'Agustus','2011','','2019-11-04 14:31:23','2019-11-04 03:43:21'),
(441,1,0,62308,62308,'September','2011','','2019-11-04 14:31:23','2019-11-04 03:43:21'),
(442,1,0,72627,72627,'Oktober','2011','','2019-11-04 14:31:23','2019-11-04 03:43:21'),
(443,1,0,55345,55345,'November','2011','','2019-11-04 14:31:23','2019-11-04 03:43:21'),
(444,1,0,58668,58668,'Desember','2011','','2019-11-04 14:31:23','2019-11-04 03:43:21'),
(445,3,276090,282209,558299,'Januari','2012','','2019-11-04 14:40:10','2019-11-04 14:40:10'),
(446,3,230296,253433,483729,'Februari','2012','','2019-11-04 14:40:34','2019-11-04 14:40:34'),
(447,3,249348,274715,524063,'Maret','2012','','2019-11-04 14:40:46','2019-11-04 14:40:46'),
(448,3,247996,284237,532233,'April','2012','','2019-11-04 14:41:00','2019-11-04 14:41:00'),
(449,3,245130,304036,549166,'Mei','2012','','2019-11-04 14:41:12','2019-11-04 14:41:12'),
(450,3,273887,337398,611285,'Juni','2012','','2019-11-04 14:41:26','2019-11-04 14:41:26'),
(451,3,302281,336374,638655,'Juli','2012','','2019-11-04 14:41:40','2019-11-04 14:41:40'),
(452,3,291544,329956,621500,'Agustus','2012','','2019-11-04 14:41:58','2019-11-04 14:41:58'),
(453,3,279652,332820,612472,'September','2012','','2019-11-04 14:42:09','2019-11-04 14:42:09'),
(454,3,277892,347368,625260,'Oktober','2012','','2019-11-04 14:42:43','2019-11-04 14:42:43'),
(455,3,249507,347973,597480,'November','2012','','2019-11-04 14:42:54','2019-11-04 14:42:54'),
(456,3,275750,388859,664609,'Desember','2012','','2019-11-04 14:43:11','2019-11-04 14:44:02'),
(457,2,0,342070,342070,'Januari','2012','','2019-11-04 14:44:40','2019-11-04 14:44:40'),
(458,2,0,296339,296339,'Februari','2012','','2019-11-04 14:44:50','2019-11-04 14:44:50'),
(459,2,0,322878,322878,'Maret','2012','','2019-11-04 14:45:02','2019-11-04 14:45:02'),
(460,2,0,334463,334463,'April','2012','','2019-11-04 14:45:15','2019-11-04 14:45:15'),
(461,2,0,347417,347417,'Mei','2012','','2019-11-04 14:45:26','2019-11-04 14:45:26'),
(462,2,0,361661,361661,'Juni','2012','','2019-11-04 14:45:37','2019-11-04 14:45:37'),
(463,2,0,306252,306252,'Juli','2012','','2019-11-04 14:45:48','2019-11-04 14:45:48'),
(464,2,0,471486,471486,'Agustus','2012','','2019-11-04 14:45:59','2019-11-04 14:45:59'),
(465,2,0,367148,367148,'September','2012','','2019-11-04 14:46:08','2019-11-04 14:46:08'),
(466,2,0,471485,471485,'Oktober','2012','','2019-11-04 14:46:21','2019-11-04 14:46:21'),
(467,2,0,325320,325320,'November','2012','','2019-11-04 14:46:32','2019-11-04 14:46:32'),
(468,2,0,494944,494944,'Desember','2012','','2019-11-04 14:46:42','2019-11-04 14:46:42'),
(469,1,0,45584,45584,'Januari','2012','','2019-11-04 14:48:00','2019-11-04 14:48:00'),
(470,1,0,46934,46934,'Februari','2012','','2019-11-04 14:48:10','2019-11-04 14:48:10'),
(471,1,0,41873,41873,'Maret','2012','','2019-11-04 14:48:20','2019-11-04 14:48:20'),
(472,1,0,49986,49986,'April','2012','','2019-11-04 14:48:30','2019-11-04 14:48:30'),
(473,1,0,46934,46934,'Mei','2012','','2019-11-04 14:48:40','2019-11-04 14:48:40'),
(474,1,0,63813,63813,'Juni','2012','','2019-11-04 14:48:51','2019-11-04 14:48:51'),
(475,1,0,68478,68478,'Juli','2012','','2019-11-04 14:49:03','2019-11-04 14:49:03'),
(476,1,0,83332,83332,'Agustus','2012','','2019-11-04 14:49:15','2019-11-04 14:49:15'),
(477,1,0,68836,68836,'September','2012','','2019-11-04 14:49:26','2019-11-04 14:49:26'),
(478,1,0,62318,62318,'Oktober','2012','','2019-11-04 14:49:37','2019-11-04 14:49:37'),
(479,1,0,57525,57525,'November','2012','','2019-11-04 14:49:47','2019-11-04 14:49:47'),
(480,1,0,68008,68008,'Desember','2012','','2019-11-04 14:49:57','2019-11-04 14:49:57'),
(481,3,238473,316758,555231,'Januari','2013','','2019-11-04 14:51:29','2019-11-04 14:51:29'),
(482,3,244991,295008,539999,'Februari','2013','','2019-11-04 14:51:44','2019-11-04 14:51:44'),
(483,3,265086,335016,600102,'Maret','2013','','2019-11-04 14:51:58','2019-11-04 14:51:58'),
(484,3,259120,317813,576933,'April','2013','','2019-11-04 14:52:15','2019-11-04 14:52:15'),
(485,3,271153,354944,626097,'Mei','2013','','2019-11-04 14:52:27','2019-11-04 14:52:27'),
(486,3,303857,414924,718781,'Juni','2013','','2019-11-04 14:52:44','2019-11-04 14:52:44'),
(487,3,328973,337289,666262,'Juli','2013','','2019-11-04 14:53:01','2019-11-04 14:53:01'),
(488,3,328570,406771,735341,'Agustus','2013','','2019-11-04 14:53:16','2019-11-04 14:53:16'),
(489,3,323815,379133,702948,'September','2013','','2019-11-04 14:53:34','2019-11-04 14:53:34'),
(490,3,297060,356315,653375,'Oktober','2013','','2019-11-04 14:54:18','2019-11-04 14:54:18'),
(491,3,279722,374706,654428,'November','2013','','2019-11-04 14:54:35','2019-11-04 14:54:35'),
(492,3,328986,434314,763300,'Desember','2013','','2019-11-04 14:54:50','2019-11-04 14:54:50'),
(493,2,0,390554,390554,'Januari','2013','','2019-11-04 14:56:29','2019-11-04 14:56:29'),
(494,2,0,303898,303898,'Februari','2013','','2019-11-04 14:56:38','2019-11-04 14:56:38'),
(495,2,0,371366,371366,'Maret','2013','','2019-11-04 14:56:48','2019-11-04 14:56:48'),
(496,2,0,337644,337644,'April','2013','','2019-11-04 14:56:59','2019-11-04 14:56:59'),
(497,2,0,393880,393880,'Mei','2013','','2019-11-04 14:57:11','2019-11-04 14:57:11'),
(498,2,0,411723,411723,'Juni','2013','','2019-11-04 14:57:22','2019-11-04 14:57:22'),
(499,2,0,364431,364431,'Juli','2013','','2019-11-04 14:57:34','2019-11-04 14:57:34'),
(500,2,0,498118,498118,'Agustus','2013','','2019-11-04 14:57:46','2019-11-04 14:57:46'),
(501,2,0,328128,328128,'September','2013','','2019-11-04 14:57:58','2019-11-04 14:57:58'),
(502,2,0,523251,523251,'Oktober','2013','','2019-11-04 14:58:09','2019-11-04 14:58:09'),
(503,2,0,421592,421592,'November','2013','','2019-11-04 14:58:25','2019-11-04 14:58:25'),
(504,2,0,443955,443955,'Desember','2013','','2019-11-04 14:58:37','2019-11-04 14:58:37'),
(505,1,0,52289,52289,'Januari','2013','','2019-11-04 14:59:13','2019-11-04 14:59:13'),
(506,1,0,46660,46660,'Februari','2013','','2019-11-04 14:59:21','2019-11-04 14:59:21'),
(507,1,0,52794,52794,'Maret','2013','','2019-11-04 14:59:31','2019-11-04 14:59:31'),
(508,1,0,51902,51902,'April','2013','','2019-11-04 14:59:43','2019-11-04 14:59:43'),
(509,1,0,53504,53504,'Mei','2013','','2019-11-04 14:59:56','2019-11-04 14:59:56'),
(510,1,0,61151,61151,'Juni','2013','','2019-11-04 15:00:10','2019-11-04 15:00:10'),
(511,1,0,82677,82677,'Juli','2013','','2019-11-04 15:00:22','2019-11-04 15:00:22'),
(512,1,0,90584,90584,'Agustus','2013','','2019-11-04 15:00:35','2019-11-04 15:00:35'),
(513,1,0,61461,61461,'September','2013','','2019-11-04 15:00:48','2019-11-04 15:00:48'),
(514,1,0,59741,59741,'Oktober','2013','','2019-11-04 15:01:01','2019-11-04 15:01:01'),
(515,1,0,57473,57473,'November','2013','','2019-11-04 15:01:12','2019-11-04 15:01:12'),
(516,1,0,73601,73601,'Desember','2013','','2019-11-04 15:01:22','2019-11-04 15:01:22');

/*Data for the table `tb_kabupaten` */

insert  into `tb_kabupaten`(`id_kabupaten`,`kabupaten`,`ket`) values 
(1,'Denpasar',NULL),
(2,'Badung',NULL),
(3,'Bangli',NULL),
(4,'Buleleng',NULL),
(5,'Gianyar',NULL),
(6,'Jembrana',NULL),
(7,'Klungkung',NULL),
(8,'Karangasem',NULL),
(9,'Tabanan',NULL);

/*Data for the table `tb_kebangsaan` */

/*Data for the table `tb_pintu_masuk` */

insert  into `tb_pintu_masuk`(`id_pintu_masuk`,`pintu_masuk`,`id_kabupaten`,`keterangan`) values 
(1,'Pelabuhan Lembar-Padang Bai',1,NULL),
(2,'Pelabuhan Ketapang-Gilimanuk',1,NULL),
(3,'Bandar Udara Internasional I Gusti Ngurah Rai',1,NULL),
(4,'Pelabuhan Benoa',1,NULL),
(5,'Pelabuhan Celukan Bawang',1,NULL),
(6,'Pelabuhan Padang Bai',1,NULL);

/*!40101 SET SQL_MODE=@OLD_SQL_MODE */;
/*!40014 SET FOREIGN_KEY_CHECKS=@OLD_FOREIGN_KEY_CHECKS */;
/*!40014 SET UNIQUE_CHECKS=@OLD_UNIQUE_CHECKS */;
/*!40111 SET SQL_NOTES=@OLD_SQL_NOTES */;
