/*
SQLyog Ultimate v12.4.3 (64 bit)
MySQL - 10.1.30-MariaDB : Database - db_dashboard-pariwisata
*********************************************************************
*/

/*!40101 SET NAMES utf8 */;

/*!40101 SET SQL_MODE=''*/;

/*!40014 SET @OLD_UNIQUE_CHECKS=@@UNIQUE_CHECKS, UNIQUE_CHECKS=0 */;
/*!40014 SET @OLD_FOREIGN_KEY_CHECKS=@@FOREIGN_KEY_CHECKS, FOREIGN_KEY_CHECKS=0 */;
/*!40101 SET @OLD_SQL_MODE=@@SQL_MODE, SQL_MODE='NO_AUTO_VALUE_ON_ZERO' */;
/*!40111 SET @OLD_SQL_NOTES=@@SQL_NOTES, SQL_NOTES=0 */;
CREATE DATABASE /*!32312 IF NOT EXISTS*/`db_dashboard-pariwisata` /*!40100 DEFAULT CHARACTER SET latin1 */;

USE `db_dashboard-pariwisata`;

/*Table structure for table `tb_accommodation` */

DROP TABLE IF EXISTS `tb_accommodation`;

CREATE TABLE `tb_accommodation` (
  `id_accommodation` int(10) NOT NULL AUTO_INCREMENT,
  `id_hotel` int(10) DEFAULT NULL,
  `tahun` varchar(20) DEFAULT NULL,
  `jlh_kamar` bigint(19) DEFAULT NULL,
  `created_at` timestamp NOT NULL DEFAULT CURRENT_TIMESTAMP,
  `updated_at` timestamp NOT NULL DEFAULT CURRENT_TIMESTAMP ON UPDATE CURRENT_TIMESTAMP,
  `created_by` int(10) DEFAULT NULL,
  `updated_by` int(10) DEFAULT NULL,
  `keterangan` varchar(100) DEFAULT NULL,
  PRIMARY KEY (`id_accommodation`)
) ENGINE=InnoDB AUTO_INCREMENT=13 DEFAULT CHARSET=latin1;

/*Data for the table `tb_accommodation` */

insert  into `tb_accommodation`(`id_accommodation`,`id_hotel`,`tahun`,`jlh_kamar`,`created_at`,`updated_at`,`created_by`,`updated_by`,`keterangan`) values 
(3,3,'2014',153,'2020-01-17 23:11:43','2020-01-17 23:11:43',1,1,''),
(4,4,'2014',390,'2020-01-17 23:11:54','2020-01-17 23:11:54',1,1,''),
(5,5,'2014',70,'2020-01-17 23:12:06','2020-01-17 23:12:06',1,1,''),
(6,6,'2014',101,'2020-01-17 23:13:21','2020-01-17 23:13:21',1,1,''),
(7,7,'2014',115,'2020-01-17 23:13:32','2020-01-17 23:13:32',1,1,''),
(8,8,'2014',73,'2020-01-17 23:13:43','2020-01-17 23:13:43',1,1,''),
(9,9,'2014',80,'2020-01-17 23:14:00','2020-01-17 23:14:00',1,1,''),
(10,10,'2014',113,'2020-01-17 23:14:13','2020-01-17 23:14:13',1,1,''),
(11,1,'2003',100,'2020-01-21 10:20:32','2020-01-21 10:20:32',1,1,'test'),
(12,12,'2020',100,'2020-01-21 12:46:18','2020-01-21 12:46:18',1,1,'tsetint');

/*Table structure for table `tb_admin` */

DROP TABLE IF EXISTS `tb_admin`;

CREATE TABLE `tb_admin` (
  `id_admin` int(10) NOT NULL AUTO_INCREMENT,
  `nama` varchar(130) DEFAULT NULL,
  `type` varchar(30) DEFAULT 'admin',
  `username` varchar(50) DEFAULT NULL,
  `password` varchar(50) DEFAULT NULL,
  PRIMARY KEY (`id_admin`)
) ENGINE=InnoDB AUTO_INCREMENT=3 DEFAULT CHARSET=latin1;

/*Data for the table `tb_admin` */

insert  into `tb_admin`(`id_admin`,`nama`,`type`,`username`,`password`) values 
(1,'Evan Saragih','admin','admin','admin'),
(2,'evan','admin','esd','esd');

/*Table structure for table `tb_akomodasi` */

DROP TABLE IF EXISTS `tb_akomodasi`;

CREATE TABLE `tb_akomodasi` (
  `id_akomodasi` int(10) NOT NULL AUTO_INCREMENT,
  `id_kabupaten` int(10) DEFAULT NULL,
  `id_kat_akomodasi` int(10) DEFAULT NULL,
  `jlh_akomodasi` bigint(19) DEFAULT NULL,
  `jlh_kamar` bigint(19) DEFAULT NULL,
  `tahun` varchar(20) DEFAULT NULL,
  `keterangan` varchar(191) DEFAULT NULL,
  `created_by` int(10) DEFAULT '1',
  `updated_by` int(10) DEFAULT NULL,
  `created_at` timestamp NULL DEFAULT CURRENT_TIMESTAMP,
  `updated_at` timestamp NULL DEFAULT CURRENT_TIMESTAMP,
  PRIMARY KEY (`id_akomodasi`)
) ENGINE=InnoDB AUTO_INCREMENT=512 DEFAULT CHARSET=latin1;

/*Data for the table `tb_akomodasi` */

insert  into `tb_akomodasi`(`id_akomodasi`,`id_kabupaten`,`id_kat_akomodasi`,`jlh_akomodasi`,`jlh_kamar`,`tahun`,`keterangan`,`created_by`,`updated_by`,`created_at`,`updated_at`) values 
(1,1,1,22,3003,'2000','',1,NULL,'2019-11-20 22:10:48','2019-11-20 22:10:48'),
(2,1,2,125,2801,'2000','',1,NULL,'2019-11-20 22:10:48','2019-11-20 22:10:48'),
(3,1,3,42,196,'2000','',1,NULL,'2019-11-20 22:10:48','2019-11-20 22:10:48'),
(4,2,1,75,13883,'2000','',1,NULL,'2019-11-20 22:12:12','2019-11-20 22:12:12'),
(5,2,2,232,5735,'2000','',1,NULL,'2019-11-20 22:12:12','2019-11-20 22:12:12'),
(6,2,3,76,351,'2000','',1,NULL,'2019-11-20 22:12:12','2019-11-20 22:12:12'),
(7,3,1,0,0,'2000','',1,NULL,'2019-11-20 22:13:08','2019-11-20 22:13:08'),
(8,3,2,12,160,'2000','',1,NULL,'2019-11-20 22:13:09','2019-11-20 22:13:09'),
(9,3,3,4,18,'2000','',1,NULL,'2019-11-20 22:13:09','2019-11-20 22:13:09'),
(10,4,1,4,171,'2000','',1,NULL,'2019-11-20 22:17:40','2019-11-20 22:17:40'),
(11,4,2,58,1026,'2000','',1,NULL,'2019-11-20 22:17:40','2019-11-20 22:17:40'),
(12,4,3,21,102,'2000','',1,NULL,'2019-11-20 22:17:40','2019-11-20 22:17:40'),
(13,5,1,7,278,'2000','',1,NULL,'2019-11-20 22:18:19','2019-11-20 22:18:19'),
(14,5,2,74,1148,'2000','',1,NULL,'2019-11-20 22:18:19','2019-11-20 22:18:19'),
(15,5,3,102,455,'2000','',1,NULL,'2019-11-20 22:18:19','2019-11-20 22:18:19'),
(16,6,1,0,0,'2000','',1,NULL,'2019-11-20 22:19:07','2019-11-20 22:19:07'),
(17,6,2,20,265,'2000','',1,NULL,'2019-11-20 22:19:07','2019-11-20 22:19:07'),
(18,6,3,13,65,'2000','',1,NULL,'2019-11-20 22:19:07','2019-11-20 22:19:07'),
(19,7,1,0,0,'2000','',1,NULL,'2019-11-20 22:19:35','2019-11-20 22:19:35'),
(20,7,2,3,30,'2000','',1,NULL,'2019-11-20 22:19:36','2019-11-20 22:19:36'),
(21,7,3,9,40,'2000','',1,NULL,'2019-11-20 22:19:36','2019-11-20 22:19:36'),
(22,8,1,7,293,'2000','',1,NULL,'2019-11-20 22:20:10','2019-11-20 22:20:10'),
(23,8,2,54,980,'2000','',1,NULL,'2019-11-20 22:20:12','2019-11-20 22:20:12'),
(24,8,3,36,156,'2000','',1,NULL,'2019-11-20 22:20:12','2019-11-20 22:20:12'),
(25,9,1,2,305,'2000','',1,NULL,'2019-11-20 22:20:48','2019-11-20 22:20:48'),
(26,9,2,20,392,'2000','',1,NULL,'2019-11-20 22:20:48','2019-11-20 22:20:48'),
(27,9,3,19,91,'2000','',1,NULL,'2019-11-20 22:20:48','2019-11-20 22:20:48'),
(28,1,1,22,3003,'2001','',1,NULL,'2019-11-20 22:28:28','2019-11-20 22:28:28'),
(29,1,2,127,2911,'2001','',1,NULL,'2019-11-20 22:28:28','2019-11-20 22:28:28'),
(30,1,3,44,204,'2001','',1,NULL,'2019-11-20 22:28:28','2019-11-20 22:28:28'),
(31,2,1,82,14324,'2001','',1,NULL,'2019-11-20 22:36:48','2019-11-20 22:36:48'),
(32,2,2,232,5735,'2001','',1,NULL,'2019-11-20 22:36:49','2019-11-20 22:36:49'),
(33,2,3,75,351,'2001','',1,NULL,'2019-11-20 22:36:49','2019-11-20 22:36:49'),
(34,3,1,0,0,'2001','',1,NULL,'2019-11-20 22:38:10','2019-11-20 22:38:10'),
(35,3,2,12,160,'2001','',1,NULL,'2019-11-20 22:38:10','2019-11-20 22:38:10'),
(36,3,3,5,23,'2001','',1,NULL,'2019-11-20 22:38:10','2019-11-20 22:38:10'),
(37,4,1,5,225,'2001','',1,NULL,'2019-11-20 22:38:52','2019-11-20 22:38:52'),
(38,4,2,61,1063,'2001','',1,NULL,'2019-11-20 22:38:53','2019-11-20 22:38:53'),
(39,4,3,22,107,'2001','',1,NULL,'2019-11-20 22:38:53','2019-11-20 22:38:53'),
(40,5,1,7,278,'2001','',1,NULL,'2019-11-20 22:41:51','2019-11-20 22:41:51'),
(41,5,2,77,1170,'2001','',1,NULL,'2019-11-20 22:41:52','2019-11-20 22:41:52'),
(42,5,3,104,465,'2001','',1,NULL,'2019-11-20 22:41:52','2019-11-20 22:41:52'),
(43,6,1,0,0,'2001','',1,NULL,'2019-11-20 22:42:36','2019-11-20 22:42:36'),
(44,6,2,21,285,'2001','',1,NULL,'2019-11-20 22:42:36','2019-11-20 22:42:36'),
(45,6,3,13,65,'2001','',1,NULL,'2019-11-20 22:42:36','2019-11-20 22:42:36'),
(46,7,1,3,36,'2001','',1,NULL,'2019-11-20 22:43:23','2019-11-20 22:43:23'),
(47,7,2,3,30,'2001','',1,NULL,'2019-11-20 22:43:23','2019-11-20 22:43:23'),
(48,7,3,9,40,'2001','',1,NULL,'2019-11-20 22:43:23','2019-11-20 22:43:23'),
(49,8,1,7,293,'2001','',1,NULL,'2019-11-20 22:43:49','2019-11-20 22:43:49'),
(50,8,2,58,1055,'2001','',1,NULL,'2019-11-20 22:43:49','2019-11-20 22:43:49'),
(51,8,3,37,157,'2001','',1,NULL,'2019-11-20 22:43:49','2019-11-20 22:43:49'),
(52,9,1,2,305,'2001','',1,NULL,'2019-11-20 22:44:21','2019-11-20 22:44:21'),
(53,9,2,22,412,'2001','',1,NULL,'2019-11-20 22:44:21','2019-11-20 22:44:21'),
(54,9,3,21,99,'2001','',1,NULL,'2019-11-20 22:44:21','2019-11-20 22:44:21'),
(55,1,1,23,3034,'2002','',1,NULL,'2019-12-04 10:32:24','2019-12-04 10:32:24'),
(56,1,2,140,3185,'2002','',1,NULL,'2019-12-04 10:32:24','2019-12-04 10:32:24'),
(57,1,3,44,204,'2002','',1,NULL,'2019-12-04 10:32:24','2019-12-04 10:32:24'),
(58,2,1,86,14954,'2002','',1,NULL,'2019-12-04 10:34:27','2019-12-04 10:34:27'),
(59,2,2,274,6589,'2002','',1,NULL,'2019-12-04 10:34:27','2019-12-04 10:34:27'),
(60,2,3,81,377,'2002','',1,NULL,'2019-12-04 10:34:28','2019-12-04 10:34:28'),
(61,3,1,0,0,'2002','',1,NULL,'2019-12-04 10:35:23','2019-12-04 10:35:23'),
(62,3,2,15,185,'2002','',1,NULL,'2019-12-04 10:35:23','2019-12-04 10:35:23'),
(63,3,3,5,23,'2002','',1,NULL,'2019-12-04 10:35:23','2019-12-04 10:35:23'),
(64,4,1,5,255,'2002','',1,NULL,'2019-12-04 10:36:06','2019-12-04 10:36:06'),
(65,4,2,63,1095,'2002','',1,NULL,'2019-12-04 10:36:06','2019-12-04 10:36:06'),
(66,4,3,26,125,'2002','',1,NULL,'2019-12-04 10:36:06','2019-12-04 10:36:06'),
(67,5,1,9,422,'2002','',1,NULL,'2019-12-04 10:36:32','2019-12-04 10:36:32'),
(68,5,2,87,1269,'2002','',1,NULL,'2019-12-04 10:36:32','2019-12-04 10:36:32'),
(69,5,3,123,563,'2002','',1,NULL,'2019-12-04 10:36:32','2019-12-04 10:36:32'),
(70,6,1,0,0,'2002','',1,NULL,'2019-12-04 10:37:32','2019-12-04 10:37:32'),
(71,6,2,23,314,'2002','',1,NULL,'2019-12-04 10:37:32','2019-12-04 10:37:32'),
(72,6,3,14,70,'2002','',1,NULL,'2019-12-04 10:37:32','2019-12-04 10:37:32'),
(73,7,1,3,36,'2002','',1,NULL,'2019-12-04 10:37:53','2019-12-04 10:37:53'),
(74,7,2,3,30,'2002','',1,NULL,'2019-12-04 10:37:53','2019-12-04 10:37:53'),
(75,7,3,9,40,'2002','',1,NULL,'2019-12-04 10:37:53','2019-12-04 10:37:53'),
(76,8,1,7,293,'2002','',1,NULL,'2019-12-04 10:38:22','2019-12-04 10:38:22'),
(77,8,2,63,1130,'2002','',1,NULL,'2019-12-04 10:38:22','2019-12-04 10:38:22'),
(78,8,3,43,195,'2002','',1,NULL,'2019-12-04 10:38:22','2019-12-04 10:38:22'),
(79,9,1,2,305,'2002','',1,NULL,'2019-12-04 10:38:44','2019-12-04 10:38:44'),
(80,9,2,23,425,'2002','',1,NULL,'2019-12-04 10:38:44','2019-12-04 10:38:44'),
(81,9,3,27,124,'2002','',1,NULL,'2019-12-04 10:38:45','2019-12-04 10:38:45'),
(82,1,1,24,3053,'2003','',1,NULL,'2019-12-04 10:43:03','2019-12-04 10:43:03'),
(83,1,2,140,3185,'2003','',1,NULL,'2019-12-04 10:43:03','2019-12-04 10:43:03'),
(84,1,3,44,204,'2003','',1,NULL,'2019-12-04 10:43:03','2019-12-04 10:43:03'),
(85,2,1,90,15203,'2003','',1,NULL,'2019-12-04 10:43:39','2019-12-04 10:43:39'),
(86,2,2,255,6105,'2003','',1,NULL,'2019-12-04 10:43:39','2019-12-04 10:43:39'),
(87,2,3,81,377,'2003','',1,NULL,'2019-12-04 10:43:40','2019-12-04 10:43:40'),
(88,3,1,0,0,'2003','',1,NULL,'2019-12-04 10:44:08','2019-12-04 10:44:08'),
(89,3,2,25,211,'2003','',1,NULL,'2019-12-04 10:44:08','2019-12-04 10:47:04'),
(90,3,3,8,38,'2003','',1,NULL,'2019-12-04 10:44:08','2019-12-04 10:47:17'),
(91,4,1,7,259,'2003','',1,NULL,'2019-12-04 10:45:31','2019-12-04 10:47:35'),
(92,4,2,63,1095,'2003','',1,NULL,'2019-12-04 10:45:31','2019-12-04 10:45:31'),
(93,4,3,26,125,'2003','',1,NULL,'2019-12-04 10:45:31','2019-12-04 10:45:31'),
(94,5,1,10,449,'2003','',1,NULL,'2019-12-04 10:48:44','2019-12-04 10:48:44'),
(95,5,2,87,1269,'2003','',1,NULL,'2019-12-04 10:48:44','2019-12-04 10:48:44'),
(96,5,3,123,563,'2003','',1,NULL,'2019-12-04 10:48:44','2019-12-04 10:48:44'),
(97,6,1,0,0,'2003','',1,NULL,'2019-12-04 10:49:15','2019-12-04 10:49:15'),
(98,6,2,23,314,'2003','',1,NULL,'2019-12-04 10:49:15','2019-12-04 10:49:15'),
(99,6,3,14,70,'2003','',1,NULL,'2019-12-04 10:49:15','2019-12-04 10:49:15'),
(100,7,1,3,36,'2003','',1,NULL,'2019-12-04 10:49:45','2019-12-04 10:49:45'),
(101,7,2,3,30,'2003','',1,NULL,'2019-12-04 10:49:45','2019-12-04 10:49:45'),
(102,7,3,9,40,'2003','',1,NULL,'2019-12-04 10:49:45','2019-12-04 10:49:45'),
(103,8,1,6,249,'2003','',1,NULL,'2019-12-04 10:50:16','2019-12-04 10:50:16'),
(104,8,2,64,1152,'2003','',1,NULL,'2019-12-04 10:50:17','2019-12-04 10:50:17'),
(105,8,3,43,195,'2003','',1,NULL,'2019-12-04 10:50:17','2019-12-04 10:50:17'),
(106,9,1,2,305,'2003','',1,NULL,'2019-12-04 10:50:40','2019-12-04 10:50:40'),
(107,9,2,35,623,'2003','',1,NULL,'2019-12-04 10:50:40','2019-12-04 10:50:40'),
(108,9,3,42,199,'2003','',1,NULL,'2019-12-04 10:50:40','2019-12-04 10:50:40'),
(109,1,1,24,2996,'2004','',1,NULL,'2019-12-04 10:59:31','2019-12-04 10:59:31'),
(110,1,2,141,3210,'2004','',1,NULL,'2019-12-04 10:59:31','2019-12-04 10:59:31'),
(111,1,3,50,259,'2004','',1,NULL,'2019-12-04 10:59:31','2019-12-04 10:59:31'),
(112,2,1,90,15461,'2004','',1,NULL,'2019-12-04 10:59:54','2019-12-04 10:59:54'),
(113,2,2,255,6105,'2004','',1,NULL,'2019-12-04 10:59:54','2019-12-04 10:59:54'),
(114,2,3,81,377,'2004','',1,NULL,'2019-12-04 10:59:54','2019-12-04 10:59:54'),
(115,3,1,0,0,'2004','',1,NULL,'2019-12-04 11:00:19','2019-12-04 11:00:19'),
(116,3,2,25,211,'2004','',1,NULL,'2019-12-04 11:00:19','2019-12-04 11:00:19'),
(117,3,3,8,38,'2004','',1,NULL,'2019-12-04 11:00:19','2019-12-04 11:00:19'),
(118,4,1,7,259,'2004','',1,NULL,'2019-12-04 11:00:51','2019-12-04 11:00:51'),
(119,4,2,67,1164,'2004','',1,NULL,'2019-12-04 11:00:52','2019-12-04 11:00:52'),
(120,4,3,28,132,'2004','',1,NULL,'2019-12-04 11:00:52','2019-12-04 11:00:52'),
(121,5,1,11,478,'2004','',1,NULL,'2019-12-04 11:01:17','2019-12-04 11:01:17'),
(122,5,2,90,1402,'2004','',1,NULL,'2019-12-04 11:01:17','2019-12-04 11:01:17'),
(123,5,3,128,580,'2004','',1,NULL,'2019-12-04 11:01:18','2019-12-04 11:01:18'),
(124,6,1,0,0,'2004','',1,NULL,'2019-12-04 11:01:35','2019-12-04 11:01:35'),
(125,6,2,23,314,'2004','',1,NULL,'2019-12-04 11:01:35','2019-12-04 11:01:35'),
(126,6,3,14,70,'2004','',1,NULL,'2019-12-04 11:01:35','2019-12-04 11:01:35'),
(127,7,1,3,42,'2004','',1,NULL,'2019-12-04 11:01:50','2019-12-04 11:01:50'),
(128,7,2,3,30,'2004','',1,NULL,'2019-12-04 11:01:51','2019-12-04 11:01:51'),
(129,7,3,9,40,'2004','',1,NULL,'2019-12-04 11:01:51','2019-12-04 11:01:51'),
(130,8,1,6,271,'2004','',1,NULL,'2019-12-04 11:02:08','2019-12-04 11:02:08'),
(131,8,2,79,1329,'2004','',1,NULL,'2019-12-04 11:02:08','2019-12-04 11:02:08'),
(132,8,3,56,272,'2004','',1,NULL,'2019-12-04 11:02:08','2019-12-04 11:02:08'),
(133,9,1,2,305,'2004','',1,NULL,'2019-12-04 11:02:23','2019-12-04 11:02:23'),
(134,9,2,37,643,'2004','',1,NULL,'2019-12-04 11:02:23','2019-12-04 11:02:23'),
(135,9,3,51,244,'2004','',1,NULL,'2019-12-04 11:02:23','2019-12-04 11:02:23'),
(136,1,1,24,2996,'2005','',1,NULL,'2019-12-04 11:06:14','2019-12-04 11:06:14'),
(137,1,2,188,3212,'2005','',1,NULL,'2019-12-04 11:06:14','2019-12-04 11:06:14'),
(138,1,3,50,263,'2005','',1,NULL,'2019-12-04 11:06:14','2019-12-04 11:06:14'),
(139,2,1,93,15538,'2005','',1,NULL,'2019-12-04 11:06:39','2019-12-04 11:06:39'),
(140,2,2,255,6105,'2005','',1,NULL,'2019-12-04 11:06:39','2019-12-04 11:06:39'),
(141,2,3,81,377,'2005','',1,NULL,'2019-12-04 11:06:39','2019-12-04 11:06:39'),
(142,3,1,0,0,'2005','',1,NULL,'2019-12-04 11:06:56','2019-12-04 11:06:56'),
(143,3,2,26,219,'2005','',1,NULL,'2019-12-04 11:06:57','2019-12-04 11:06:57'),
(144,3,3,8,38,'2005','',1,NULL,'2019-12-04 11:06:57','2019-12-04 11:06:57'),
(145,4,1,7,259,'2005','',1,NULL,'2019-12-04 11:07:17','2019-12-04 11:07:17'),
(146,4,2,67,1164,'2005','',1,NULL,'2019-12-04 11:07:17','2019-12-04 11:07:17'),
(147,4,3,28,132,'2005','',1,NULL,'2019-12-04 11:07:17','2019-12-04 11:07:17'),
(148,5,1,12,507,'2005','',1,NULL,'2019-12-04 11:07:40','2019-12-04 11:07:40'),
(149,5,2,133,1902,'2005','',1,NULL,'2019-12-04 11:07:40','2019-12-04 11:07:40'),
(150,5,3,128,580,'2005','',1,NULL,'2019-12-04 11:07:41','2019-12-04 11:07:41'),
(151,6,1,0,0,'2005','',1,NULL,'2019-12-04 11:08:04','2019-12-04 11:08:04'),
(152,6,2,38,503,'2005','',1,NULL,'2019-12-04 11:08:05','2019-12-04 11:08:05'),
(153,6,3,28,153,'2005','',1,NULL,'2019-12-04 11:08:05','2019-12-04 11:08:05'),
(154,7,1,3,42,'2005','',1,NULL,'2019-12-04 11:08:23','2019-12-04 11:08:23'),
(155,7,2,26,255,'2005','',1,NULL,'2019-12-04 11:08:24','2019-12-04 11:08:24'),
(156,7,3,9,40,'2005','',1,NULL,'2019-12-04 11:08:24','2019-12-04 11:08:24'),
(157,8,1,7,293,'2005','',1,NULL,'2019-12-04 11:08:45','2019-12-04 11:08:45'),
(158,8,2,79,1329,'2005','',1,NULL,'2019-12-04 11:08:45','2019-12-04 11:08:45'),
(159,8,3,57,272,'2005','',1,NULL,'2019-12-04 11:08:45','2019-12-04 11:08:45'),
(160,9,1,2,305,'2005','',1,NULL,'2019-12-04 11:09:02','2019-12-04 11:09:02'),
(161,9,2,37,643,'2005','',1,NULL,'2019-12-04 11:09:02','2019-12-04 11:09:02'),
(162,9,3,51,244,'2005','',1,NULL,'2019-12-04 11:09:02','2019-12-04 11:09:02'),
(163,1,1,24,3169,'2006','',1,NULL,'2019-12-04 11:13:03','2019-12-04 11:13:03'),
(164,1,2,195,3339,'2006','',1,NULL,'2019-12-04 11:13:03','2019-12-04 11:13:03'),
(165,1,3,50,263,'2006','',1,NULL,'2019-12-04 11:13:03','2019-12-04 11:13:03'),
(166,2,1,94,15612,'2006','',1,NULL,'2019-12-04 11:13:32','2019-12-04 11:13:32'),
(167,2,2,277,6741,'2006','',1,NULL,'2019-12-04 11:13:32','2019-12-04 11:13:32'),
(168,2,3,140,674,'2006','',1,NULL,'2019-12-04 11:13:32','2019-12-04 11:13:32'),
(169,3,1,0,0,'2006','',1,NULL,'2019-12-04 11:13:52','2019-12-04 11:13:52'),
(170,3,2,26,219,'2006','',1,NULL,'2019-12-04 11:13:52','2019-12-04 11:13:52'),
(171,3,3,10,49,'2006','',1,NULL,'2019-12-04 11:13:53','2019-12-04 11:13:53'),
(172,4,1,9,349,'2006','',1,NULL,'2019-12-04 11:14:11','2019-12-04 11:14:11'),
(173,4,2,67,1164,'2006','',1,NULL,'2019-12-04 11:14:11','2019-12-04 11:14:11'),
(174,4,3,28,132,'2006','',1,NULL,'2019-12-04 11:14:11','2019-12-04 11:14:11'),
(175,5,1,13,523,'2006','',1,NULL,'2019-12-04 11:14:33','2019-12-04 11:14:33'),
(176,5,2,164,2315,'2006','',1,NULL,'2019-12-04 11:14:33','2019-12-04 11:14:33'),
(177,5,3,478,1679,'2006','',1,NULL,'2019-12-04 11:14:33','2019-12-04 11:14:33'),
(178,6,1,0,0,'2006','',1,NULL,'2019-12-04 11:14:57','2019-12-04 11:14:57'),
(179,6,2,38,503,'2006','',1,NULL,'2019-12-04 11:14:57','2019-12-04 11:14:57'),
(180,6,3,28,168,'2006','',1,NULL,'2019-12-04 11:14:58','2019-12-04 11:14:58'),
(181,7,1,3,42,'2006','',1,NULL,'2019-12-04 11:15:20','2019-12-04 11:15:20'),
(182,7,2,26,255,'2006','',1,NULL,'2019-12-04 11:15:20','2019-12-04 11:15:20'),
(183,7,3,132,563,'2006','',1,NULL,'2019-12-04 11:15:20','2019-12-04 11:15:20'),
(184,8,1,7,293,'2006','',1,NULL,'2019-12-04 11:15:40','2019-12-04 11:15:40'),
(185,8,2,114,1645,'2006','',1,NULL,'2019-12-04 11:15:40','2019-12-04 11:15:40'),
(186,8,3,9,40,'2006','',1,NULL,'2019-12-04 11:15:40','2019-12-04 11:15:40'),
(187,9,1,2,305,'2006','',1,NULL,'2019-12-04 11:16:01','2019-12-04 11:16:01'),
(188,9,2,36,616,'2006','',1,NULL,'2019-12-04 11:16:01','2019-12-04 11:16:01'),
(189,9,3,51,244,'2006','',1,NULL,'2019-12-04 11:16:02','2019-12-04 11:16:02'),
(190,1,1,24,3221,'2007','',1,NULL,'2019-12-04 11:17:15','2019-12-04 11:17:15'),
(191,1,2,197,3728,'2007','',1,NULL,'2019-12-04 11:17:15','2019-12-04 11:17:15'),
(192,1,3,35,255,'2007','',1,NULL,'2019-12-04 11:17:15','2019-12-04 11:17:15'),
(193,2,1,95,15897,'2007','',1,NULL,'2019-12-04 11:17:38','2019-12-04 11:17:38'),
(194,2,2,343,7780,'2007','',1,NULL,'2019-12-04 11:17:39','2019-12-04 11:17:39'),
(195,2,3,163,759,'2007','',1,NULL,'2019-12-04 11:17:39','2019-12-04 11:17:39'),
(196,3,1,0,0,'2007','',1,NULL,'2019-12-04 11:18:00','2019-12-04 11:18:00'),
(197,3,2,27,230,'2007','',1,NULL,'2019-12-04 11:18:00','2019-12-04 11:18:00'),
(198,3,3,7,44,'2007','',1,NULL,'2019-12-04 11:18:00','2019-12-04 11:18:00'),
(199,4,1,10,371,'2007','',1,NULL,'2019-12-04 11:18:38','2019-12-04 11:18:38'),
(200,4,2,92,1461,'2007','',1,NULL,'2019-12-04 11:18:38','2019-12-04 11:18:38'),
(201,4,3,81,419,'2007','',1,NULL,'2019-12-04 11:18:38','2019-12-04 11:18:38'),
(202,5,1,14,563,'2007','',1,NULL,'2019-12-04 11:18:57','2019-12-04 11:18:57'),
(203,5,2,126,1867,'2007','',1,NULL,'2019-12-04 11:18:58','2019-12-04 11:18:58'),
(204,5,3,407,1988,'2007','',1,NULL,'2019-12-04 11:18:58','2019-12-04 11:18:58'),
(205,6,1,0,0,'2007','',1,NULL,'2019-12-04 11:19:19','2019-12-04 11:19:19'),
(206,6,2,42,602,'2007','',1,NULL,'2019-12-04 11:19:19','2019-12-04 11:19:19'),
(207,6,3,22,108,'2007','',1,NULL,'2019-12-04 11:19:19','2019-12-04 11:19:19'),
(208,7,1,2,36,'2007','',1,NULL,'2019-12-04 11:19:45','2019-12-04 11:19:45'),
(209,7,2,24,233,'2007','',1,NULL,'2019-12-04 11:19:45','2019-12-04 11:19:45'),
(210,7,3,9,442,'2007','',1,NULL,'2019-12-04 11:19:45','2019-12-04 11:19:45'),
(211,8,1,6,271,'2007','',1,NULL,'2019-12-04 11:20:05','2019-12-04 11:20:05'),
(212,8,2,82,1235,'2007','',1,NULL,'2019-12-04 11:20:05','2019-12-04 11:20:05'),
(213,8,3,95,44,'2007','',1,NULL,'2019-12-04 11:20:05','2019-12-04 11:20:05'),
(214,9,1,2,225,'2007','data pondok wisata tidak terisi pada jumlah kamar',1,NULL,'2019-12-04 11:22:38','2019-12-04 11:22:38'),
(215,9,2,28,381,'2007','data pondok wisata tidak terisi pada jumlah kamar',1,NULL,'2019-12-04 11:22:38','2019-12-04 11:22:38'),
(216,9,3,40,0,'2007','data pondok wisata tidak terisi pada jumlah kamar',1,NULL,'2019-12-04 11:22:38','2019-12-04 11:22:38'),
(217,1,1,23,3138,'2008','',1,NULL,'2019-12-04 11:24:25','2019-12-04 11:24:25'),
(218,1,2,180,4265,'2008','',1,NULL,'2019-12-04 11:24:26','2019-12-04 11:24:26'),
(219,1,3,41,252,'2008','',1,NULL,'2019-12-04 11:24:26','2019-12-04 11:24:26'),
(220,2,1,96,16016,'2008','',1,NULL,'2019-12-04 11:24:50','2019-12-04 11:24:50'),
(221,2,2,363,9223,'2008','',1,NULL,'2019-12-04 11:24:50','2019-12-04 11:24:50'),
(222,2,3,163,759,'2008','',1,NULL,'2019-12-04 11:24:50','2019-12-04 11:24:50'),
(223,3,1,0,0,'2008','',1,NULL,'2019-12-04 11:25:08','2019-12-04 11:25:08'),
(224,3,2,17,185,'2008','',1,NULL,'2019-12-04 11:25:08','2019-12-04 11:25:08'),
(225,3,3,7,44,'2008','',1,NULL,'2019-12-04 11:25:08','2019-12-04 11:25:08'),
(226,4,1,11,496,'2008','',1,NULL,'2019-12-04 11:25:29','2019-12-04 11:25:29'),
(227,4,2,94,1485,'2008','',1,NULL,'2019-12-04 11:25:29','2019-12-04 11:25:29'),
(228,4,3,88,438,'2008','',1,NULL,'2019-12-04 11:25:29','2019-12-04 11:25:29'),
(229,5,1,16,597,'2008','',1,NULL,'2019-12-04 11:25:51','2019-12-04 11:25:51'),
(230,5,2,133,1962,'2008','',1,NULL,'2019-12-04 11:25:51','2019-12-04 11:25:51'),
(231,5,3,430,2103,'2008','',1,NULL,'2019-12-04 11:25:52','2019-12-04 11:25:52'),
(232,6,1,0,0,'2008','',1,NULL,'2019-12-04 11:26:14','2019-12-04 11:26:14'),
(233,6,2,64,690,'2008','',1,NULL,'2019-12-04 11:26:14','2019-12-04 11:26:14'),
(234,6,3,0,0,'2008','',1,NULL,'2019-12-04 11:26:14','2019-12-04 11:26:14'),
(235,7,1,2,36,'2008','',1,NULL,'2019-12-04 11:26:39','2019-12-04 11:26:39'),
(236,7,2,28,266,'2008','',1,NULL,'2019-12-04 11:26:39','2019-12-04 11:26:39'),
(237,7,3,9,44,'2008','',1,NULL,'2019-12-04 11:26:39','2019-12-04 11:26:39'),
(238,8,1,5,211,'2008','',1,NULL,'2019-12-04 11:27:01','2019-12-04 11:27:01'),
(239,8,2,86,1275,'2008','',1,NULL,'2019-12-04 11:27:01','2019-12-04 11:27:01'),
(240,8,3,120,572,'2008','',1,NULL,'2019-12-04 11:27:01','2019-12-04 11:27:01'),
(241,9,1,2,225,'2008','',1,NULL,'2019-12-04 11:27:26','2019-12-04 11:27:26'),
(242,9,2,34,546,'2008','',1,NULL,'2019-12-04 11:27:26','2019-12-04 11:27:26'),
(243,9,3,67,0,'2008','data jumlah kamar belum terisi',1,NULL,'2019-12-04 11:27:26','2019-12-04 11:28:02'),
(244,1,1,23,3095,'2009','',1,NULL,'2019-12-04 11:34:16','2019-12-04 11:34:16'),
(245,1,2,183,4200,'2009','',1,NULL,'2019-12-04 11:34:16','2019-12-04 11:34:16'),
(246,1,3,44,244,'2009','',1,NULL,'2019-12-04 11:34:17','2019-12-04 11:34:17'),
(247,2,1,98,16360,'2009','',1,NULL,'2019-12-04 11:37:48','2019-12-04 11:37:48'),
(248,2,2,366,9246,'2009','',1,NULL,'2019-12-04 11:37:48','2019-12-04 11:37:48'),
(249,2,3,168,781,'2009','',1,NULL,'2019-12-04 11:37:48','2019-12-04 11:37:48'),
(250,3,1,0,0,'2009','',1,NULL,'2019-12-04 11:38:06','2019-12-04 11:38:06'),
(251,3,2,21,195,'2009','',1,NULL,'2019-12-04 11:38:06','2019-12-04 11:38:06'),
(252,3,3,7,44,'2009','',1,NULL,'2019-12-04 11:38:06','2019-12-04 11:38:06'),
(253,4,1,11,511,'2009','',1,NULL,'2019-12-04 11:38:35','2019-12-04 11:38:35'),
(254,4,2,113,1732,'2009','',1,NULL,'2019-12-04 11:38:35','2019-12-04 11:38:35'),
(255,4,3,94,497,'2009','',1,NULL,'2019-12-04 11:38:35','2019-12-04 11:38:35'),
(256,5,1,16,592,'2009','',1,NULL,'2019-12-04 11:38:59','2019-12-04 11:38:59'),
(257,5,2,142,2168,'2009','',1,NULL,'2019-12-04 11:38:59','2019-12-04 11:38:59'),
(258,5,3,450,2179,'2009','',1,NULL,'2019-12-04 11:38:59','2019-12-04 11:38:59'),
(259,6,1,0,0,'2009','',1,NULL,'2019-12-04 11:39:21','2019-12-04 11:39:21'),
(260,6,2,60,687,'2009','',1,NULL,'2019-12-04 11:39:22','2019-12-04 11:39:22'),
(261,6,3,0,0,'2009','',1,NULL,'2019-12-04 11:39:22','2019-12-04 11:39:22'),
(262,7,1,2,36,'2009','',1,NULL,'2019-12-04 11:39:47','2019-12-04 11:39:47'),
(263,7,2,28,295,'2009','',1,NULL,'2019-12-04 11:39:47','2019-12-04 11:39:47'),
(264,7,3,9,44,'2009','',1,NULL,'2019-12-04 11:39:47','2019-12-04 11:39:47'),
(265,8,1,5,211,'2009','',1,NULL,'2019-12-04 11:40:11','2019-12-04 11:40:11'),
(266,8,2,90,1467,'2009','',1,NULL,'2019-12-04 11:40:11','2019-12-04 11:40:11'),
(267,8,3,127,591,'2009','',1,NULL,'2019-12-04 11:40:11','2019-12-04 11:40:11'),
(268,9,1,2,313,'2009','',1,NULL,'2019-12-04 11:40:27','2019-12-04 11:40:27'),
(269,9,2,36,526,'2009','',1,NULL,'2019-12-04 11:40:27','2019-12-04 11:40:27'),
(270,9,3,82,0,'2009','tidak ada data jumlah kamar',1,NULL,'2019-12-04 11:40:27','2019-12-04 11:40:44'),
(271,1,1,23,3095,'2010','',1,NULL,'2019-12-04 11:44:14','2019-12-04 11:44:14'),
(272,1,2,183,4200,'2010','',1,NULL,'2019-12-04 11:44:14','2019-12-04 11:44:14'),
(273,1,3,44,244,'2010','',1,NULL,'2019-12-04 11:44:14','2019-12-04 11:44:14'),
(274,2,1,98,15836,'2010','',1,NULL,'2019-12-04 11:46:11','2019-12-04 11:46:11'),
(275,2,2,367,9032,'2010','',1,NULL,'2019-12-04 11:46:11','2019-12-04 11:46:11'),
(276,2,3,168,781,'2010','',1,NULL,'2019-12-04 11:46:11','2019-12-04 11:46:11'),
(277,3,1,0,0,'2010','',1,NULL,'2019-12-04 11:46:31','2019-12-04 11:46:31'),
(278,3,2,21,195,'2010','',1,NULL,'2019-12-04 11:46:31','2019-12-04 11:46:31'),
(279,3,3,8,58,'2010','',1,NULL,'2019-12-04 11:46:31','2019-12-04 11:46:31'),
(280,4,1,10,444,'2010','',1,NULL,'2019-12-04 11:47:05','2019-12-04 11:47:05'),
(281,4,2,114,1726,'2010','',1,NULL,'2019-12-04 11:47:05','2019-12-04 11:47:05'),
(282,4,3,91,477,'2010','',1,NULL,'2019-12-04 11:47:05','2019-12-04 11:47:05'),
(283,5,1,16,613,'2010','',1,NULL,'2019-12-04 11:47:24','2019-12-04 11:47:24'),
(284,5,2,145,2157,'2010','',1,NULL,'2019-12-04 11:47:24','2019-12-04 11:47:24'),
(285,5,3,450,2178,'2010','',1,NULL,'2019-12-04 11:47:24','2019-12-04 11:47:24'),
(286,6,1,0,0,'2010','',1,NULL,'2019-12-04 11:47:40','2019-12-04 11:47:40'),
(287,6,2,44,627,'2010','',1,NULL,'2019-12-04 11:47:40','2019-12-04 11:47:40'),
(288,6,3,18,87,'2010','',1,NULL,'2019-12-04 11:47:40','2019-12-04 11:47:40'),
(289,7,1,2,36,'2010','',1,NULL,'2019-12-04 11:47:59','2019-12-04 11:47:59'),
(290,7,2,29,301,'2010','',1,NULL,'2019-12-04 11:48:00','2019-12-04 11:48:00'),
(291,7,3,9,33,'2010','',1,NULL,'2019-12-04 11:48:00','2019-12-04 11:48:00'),
(292,8,1,6,221,'2010','',1,NULL,'2019-12-04 11:48:21','2019-12-04 11:48:21'),
(293,8,2,89,1432,'2010','',1,NULL,'2019-12-04 11:48:22','2019-12-04 11:48:22'),
(294,8,3,126,587,'2010','',1,NULL,'2019-12-04 11:48:22','2019-12-04 11:48:22'),
(295,9,1,3,343,'2010','',1,NULL,'2019-12-04 11:48:42','2019-12-04 11:48:42'),
(296,9,2,44,717,'2010','',1,NULL,'2019-12-04 11:48:42','2019-12-04 11:48:42'),
(297,9,3,82,0,'2010','data jumlah kamar belum terisi',1,NULL,'2019-12-04 11:48:42','2019-12-04 11:48:57'),
(298,1,1,23,3095,'2011','',1,NULL,'2019-12-04 11:52:54','2019-12-04 11:52:54'),
(299,1,2,191,4287,'2011','',1,NULL,'2019-12-04 11:52:55','2019-12-04 11:52:55'),
(300,1,3,53,240,'2011','',1,NULL,'2019-12-04 11:52:55','2019-12-04 11:52:55'),
(301,2,1,100,16021,'2011','',1,NULL,'2019-12-04 11:53:14','2019-12-04 11:53:14'),
(302,2,2,367,9148,'2011','',1,NULL,'2019-12-04 11:53:14','2019-12-04 11:53:14'),
(303,2,3,168,776,'2011','',1,NULL,'2019-12-04 11:53:15','2019-12-04 11:53:15'),
(304,3,1,0,0,'2011','',1,NULL,'2019-12-04 11:53:31','2019-12-04 11:53:31'),
(305,3,2,21,203,'2011','',1,NULL,'2019-12-04 11:53:31','2019-12-04 11:53:31'),
(306,3,3,8,58,'2011','',1,NULL,'2019-12-04 11:53:31','2019-12-04 11:53:31'),
(307,4,1,10,408,'2011','',1,NULL,'2019-12-04 11:53:50','2019-12-04 11:53:50'),
(308,4,2,115,1630,'2011','',1,NULL,'2019-12-04 11:53:51','2019-12-04 11:53:51'),
(309,4,3,90,477,'2011','',1,NULL,'2019-12-04 11:53:51','2019-12-04 11:53:51'),
(310,5,1,16,609,'2011','',1,NULL,'2019-12-04 11:54:12','2019-12-04 11:54:12'),
(311,5,2,145,2188,'2011','',1,NULL,'2019-12-04 11:54:12','2019-12-04 11:54:12'),
(312,5,3,447,2209,'2011','',1,NULL,'2019-12-04 11:54:12','2019-12-04 11:54:12'),
(313,6,1,0,0,'2011','',1,NULL,'2019-12-04 11:54:28','2019-12-04 11:54:28'),
(314,6,2,44,640,'2011','',1,NULL,'2019-12-04 11:54:28','2019-12-04 11:54:28'),
(315,6,3,18,87,'2011','',1,NULL,'2019-12-04 11:54:28','2019-12-04 11:54:28'),
(316,7,1,2,36,'2011','',1,NULL,'2019-12-04 11:54:45','2019-12-04 11:54:45'),
(317,7,2,29,303,'2011','',1,NULL,'2019-12-04 11:54:45','2019-12-04 11:54:45'),
(318,7,3,14,33,'2011','',1,NULL,'2019-12-04 11:54:45','2019-12-04 11:54:45'),
(319,8,1,7,241,'2011','',1,NULL,'2019-12-04 11:55:07','2019-12-04 11:55:07'),
(320,8,2,89,1448,'2011','',1,NULL,'2019-12-04 11:55:07','2019-12-04 11:55:07'),
(321,8,3,126,598,'2011','',1,NULL,'2019-12-04 11:55:07','2019-12-04 11:55:07'),
(322,9,1,3,343,'2011','',1,NULL,'2019-12-04 11:55:23','2019-12-04 11:55:23'),
(323,9,2,25,352,'2011','',1,NULL,'2019-12-04 11:55:23','2019-12-04 11:55:23'),
(324,9,3,92,0,'2011','data jumlah kamar belum terisi',1,NULL,'2019-12-04 11:55:23','2019-12-04 11:55:32'),
(325,1,1,23,3095,'2012','',1,NULL,'2019-12-04 11:56:35','2019-12-04 11:56:35'),
(326,1,2,196,4534,'2012','',1,NULL,'2019-12-04 11:56:36','2019-12-04 11:56:36'),
(327,1,3,65,352,'2012','',1,NULL,'2019-12-04 11:56:36','2019-12-04 11:56:36'),
(328,2,1,98,15652,'2012','',1,NULL,'2019-12-04 11:56:58','2019-12-04 11:56:58'),
(329,2,2,365,9604,'2012','',1,NULL,'2019-12-04 11:56:58','2019-12-04 11:56:58'),
(330,2,3,167,792,'2012','',1,NULL,'2019-12-04 11:56:58','2019-12-04 11:56:58'),
(331,3,1,0,0,'2012','',1,NULL,'2019-12-04 11:57:17','2019-12-04 11:57:17'),
(332,3,2,21,216,'2012','',1,NULL,'2019-12-04 11:57:17','2019-12-04 11:57:17'),
(333,3,3,8,58,'2012','',1,NULL,'2019-12-04 11:57:17','2019-12-04 11:57:17'),
(334,4,1,9,324,'2012','',1,NULL,'2019-12-04 11:57:35','2019-12-04 11:57:35'),
(335,4,2,117,1729,'2012','',1,NULL,'2019-12-04 11:57:35','2019-12-04 11:57:35'),
(336,4,3,90,486,'2012','',1,NULL,'2019-12-04 11:57:35','2019-12-04 11:57:35'),
(337,5,1,14,564,'2012','',1,NULL,'2019-12-04 11:58:20','2019-12-04 11:58:20'),
(338,5,2,147,2237,'2012','',1,NULL,'2019-12-04 11:58:20','2019-12-04 11:58:20'),
(339,5,3,447,2237,'2012','',1,NULL,'2019-12-04 11:58:21','2019-12-04 11:58:21'),
(340,6,1,0,0,'2012','',1,NULL,'2019-12-04 11:58:42','2019-12-04 11:58:42'),
(341,6,2,42,648,'2012','',1,NULL,'2019-12-04 11:58:42','2019-12-04 11:58:42'),
(342,6,3,18,87,'2012','',1,NULL,'2019-12-04 11:58:42','2019-12-04 11:58:42'),
(343,7,1,2,36,'2012','',1,NULL,'2019-12-04 11:58:59','2019-12-04 11:58:59'),
(344,7,2,29,310,'2012','',1,NULL,'2019-12-04 11:58:59','2019-12-04 11:58:59'),
(345,7,3,14,33,'2012','',1,NULL,'2019-12-04 11:58:59','2019-12-04 11:58:59'),
(346,8,1,7,255,'2012','',1,NULL,'2019-12-04 11:59:18','2019-12-04 11:59:18'),
(347,8,2,89,1451,'2012','',1,NULL,'2019-12-04 11:59:19','2019-12-04 11:59:19'),
(348,8,3,124,597,'2012','',1,NULL,'2019-12-04 11:59:19','2019-12-04 11:59:19'),
(349,9,1,3,343,'2012','',1,NULL,'2019-12-04 11:59:37','2019-12-04 11:59:37'),
(350,9,2,25,385,'2012','',1,NULL,'2019-12-04 11:59:37','2019-12-04 11:59:37'),
(351,9,3,92,0,'2012','data jumlah kamar belum terisi',1,NULL,'2019-12-04 11:59:37','2019-12-04 11:59:46'),
(352,1,1,28,3119,'2013','',1,NULL,'2019-12-04 12:01:01','2019-12-04 12:01:01'),
(353,1,2,197,4534,'2013','',1,NULL,'2019-12-04 12:01:01','2019-12-04 12:01:01'),
(354,1,3,65,352,'2013','',1,NULL,'2019-12-04 12:01:01','2019-12-04 12:01:01'),
(355,2,1,144,16820,'2013','',1,NULL,'2019-12-04 12:01:18','2019-12-04 12:01:18'),
(356,2,2,115,5443,'2013','',1,NULL,'2019-12-04 12:01:18','2019-12-04 12:01:18'),
(357,2,3,119,422,'2013','',1,NULL,'2019-12-04 12:01:18','2019-12-04 12:01:18'),
(358,3,1,0,0,'2013','',1,NULL,'2019-12-04 12:01:32','2019-12-04 12:01:32'),
(359,3,2,6,112,'2013','',1,NULL,'2019-12-04 12:01:33','2019-12-04 12:01:33'),
(360,3,3,10,60,'2013','',1,NULL,'2019-12-04 12:01:33','2019-12-04 12:01:33'),
(361,4,1,13,531,'2013','',1,NULL,'2019-12-04 12:01:55','2019-12-04 12:01:55'),
(362,4,2,117,1729,'2013','',1,NULL,'2019-12-04 12:01:55','2019-12-04 12:01:55'),
(363,4,3,90,484,'2013','',1,NULL,'2019-12-04 12:01:55','2019-12-04 12:01:55'),
(364,5,1,21,589,'2013','',1,NULL,'2019-12-04 12:02:18','2019-12-04 12:02:18'),
(365,5,2,193,2793,'2013','',1,NULL,'2019-12-04 12:02:18','2019-12-04 12:02:18'),
(366,5,3,785,3465,'2013','',1,NULL,'2019-12-04 12:02:18','2019-12-04 12:02:18'),
(367,6,1,0,0,'2013','',1,NULL,'2019-12-04 12:02:37','2019-12-04 12:02:37'),
(368,6,2,42,648,'2013','',1,NULL,'2019-12-04 12:02:37','2019-12-04 12:02:37'),
(369,6,3,18,87,'2013','',1,NULL,'2019-12-04 12:02:37','2019-12-04 12:02:37'),
(370,7,1,2,36,'2013','',1,NULL,'2019-12-04 12:02:58','2019-12-04 12:02:58'),
(371,7,2,30,310,'2013','',1,NULL,'2019-12-04 12:02:58','2019-12-04 12:02:58'),
(372,7,3,15,33,'2013','',1,NULL,'2019-12-04 12:02:58','2019-12-04 12:02:58'),
(373,8,1,11,266,'2013','',1,NULL,'2019-12-04 12:03:13','2019-12-04 12:03:13'),
(374,8,2,360,1026,'2013','',1,NULL,'2019-12-04 12:03:13','2019-12-04 12:03:13'),
(375,8,3,63,269,'2013','',1,NULL,'2019-12-04 12:03:13','2019-12-04 12:03:13'),
(376,9,1,4,343,'2013','',1,NULL,'2019-12-04 12:03:32','2019-12-04 12:03:32'),
(377,9,2,30,482,'2013','',1,NULL,'2019-12-04 12:03:32','2019-12-04 12:03:32'),
(378,9,3,94,408,'2013','',1,NULL,'2019-12-04 12:03:32','2019-12-04 12:03:32'),
(379,1,1,26,3463,'2014','',1,NULL,'2019-12-04 12:04:46','2019-12-04 12:04:46'),
(380,1,2,200,4858,'2014','',1,NULL,'2019-12-04 12:04:47','2019-12-04 12:04:47'),
(381,1,3,67,364,'2014','',1,NULL,'2019-12-04 12:04:47','2019-12-04 12:04:47'),
(382,2,1,154,24210,'2014','',1,NULL,'2019-12-04 12:05:11','2019-12-04 12:05:11'),
(383,2,2,362,10333,'2014','',1,NULL,'2019-12-04 12:05:11','2019-12-04 12:05:11'),
(384,2,3,441,1801,'2014','',1,NULL,'2019-12-04 12:05:11','2019-12-04 12:05:11'),
(385,3,1,0,0,'2014','',1,NULL,'2019-12-04 12:05:31','2019-12-04 12:05:31'),
(386,3,2,6,125,'2014','',1,NULL,'2019-12-04 12:05:31','2019-12-04 12:05:31'),
(387,3,3,10,60,'2014','',1,NULL,'2019-12-04 12:05:31','2019-12-04 12:05:31'),
(388,4,1,11,533,'2014','',1,NULL,'2019-12-04 12:05:50','2019-12-04 12:05:50'),
(389,4,2,175,2585,'2014','',1,NULL,'2019-12-04 12:05:50','2019-12-04 12:05:50'),
(390,4,3,192,759,'2014','',1,NULL,'2019-12-04 12:05:50','2019-12-04 12:05:50'),
(391,5,1,14,623,'2014','',1,NULL,'2019-12-04 12:06:17','2019-12-04 12:06:17'),
(392,5,2,142,2148,'2014','',1,NULL,'2019-12-04 12:06:17','2019-12-04 12:06:17'),
(393,5,3,575,2862,'2014','',1,NULL,'2019-12-04 12:06:17','2019-12-04 12:06:17'),
(394,6,1,0,0,'2014','',1,NULL,'2019-12-04 12:07:36','2019-12-04 12:07:36'),
(395,6,2,63,570,'2014','',1,NULL,'2019-12-04 12:07:36','2019-12-04 12:07:36'),
(396,6,3,21,21,'2014','data jumlah akomodasi dan kamar sama',1,NULL,'2019-12-04 12:07:36','2019-12-04 12:08:51'),
(397,7,1,1,24,'2014','',1,NULL,'2019-12-04 12:08:01','2019-12-04 12:08:01'),
(398,7,2,29,308,'2014','',1,NULL,'2019-12-04 12:08:01','2019-12-04 12:08:01'),
(399,7,3,15,33,'2014','',1,NULL,'2019-12-04 12:08:01','2019-12-04 12:08:01'),
(400,8,1,7,297,'2014','',1,NULL,'2019-12-04 12:08:21','2019-12-04 12:08:21'),
(401,8,2,165,2757,'2014','',1,NULL,'2019-12-04 12:08:22','2019-12-04 12:08:22'),
(402,8,3,224,784,'2014','',1,NULL,'2019-12-04 12:08:22','2019-12-04 12:08:22'),
(403,9,1,4,391,'2014','',1,NULL,'2019-12-04 12:09:18','2019-12-04 12:09:18'),
(404,9,2,36,672,'2014','',1,NULL,'2019-12-04 12:09:18','2019-12-04 12:09:18'),
(405,9,3,99,444,'2014','',1,NULL,'2019-12-04 12:09:18','2019-12-04 12:09:18'),
(406,1,1,26,3463,'2015','',1,NULL,'2019-12-04 12:10:19','2019-12-04 12:10:19'),
(407,1,2,197,4800,'2015','',1,NULL,'2019-12-04 12:10:19','2019-12-04 12:10:19'),
(408,1,3,67,364,'2015','',1,NULL,'2019-12-04 12:10:19','2019-12-04 12:10:19'),
(409,2,1,154,24210,'2015','',1,NULL,'2019-12-04 12:10:42','2019-12-04 12:10:42'),
(410,2,2,427,23779,'2015','',1,NULL,'2019-12-04 12:10:42','2019-12-04 12:10:42'),
(411,2,3,441,1801,'2015','',1,NULL,'2019-12-04 12:10:42','2019-12-04 12:10:42'),
(412,3,1,0,0,'2015','',1,NULL,'2019-12-04 12:10:59','2019-12-04 12:10:59'),
(413,3,2,6,125,'2015','',1,NULL,'2019-12-04 12:10:59','2019-12-04 12:10:59'),
(414,3,3,10,60,'2015','',1,NULL,'2019-12-04 12:11:00','2019-12-04 12:11:00'),
(415,4,1,11,551,'2015','',1,NULL,'2019-12-04 12:11:31','2019-12-04 12:11:31'),
(416,4,2,187,2876,'2015','',1,NULL,'2019-12-04 12:11:31','2019-12-04 12:11:31'),
(417,4,3,263,1091,'2015','',1,NULL,'2019-12-04 12:11:31','2019-12-04 12:11:31'),
(418,5,1,14,627,'2015','',1,NULL,'2019-12-04 12:16:46','2019-12-04 12:16:46'),
(419,5,2,198,2811,'2015','',1,NULL,'2019-12-04 12:16:46','2019-12-04 12:16:46'),
(420,5,3,1077,4586,'2015','',1,NULL,'2019-12-04 12:16:46','2019-12-04 12:16:46'),
(421,6,1,0,0,'2015','',1,NULL,'2019-12-04 12:17:08','2019-12-04 12:17:08'),
(422,6,2,63,570,'2015','',1,NULL,'2019-12-04 12:17:08','2019-12-04 12:17:08'),
(423,6,3,21,21,'2015','jumlah akomodasi dan kamar sama',1,NULL,'2019-12-04 12:17:08','2019-12-04 12:17:28'),
(424,7,1,1,24,'2015','',1,NULL,'2019-12-04 12:17:54','2019-12-04 12:17:54'),
(425,7,2,181,1012,'2015','',1,NULL,'2019-12-04 12:17:54','2019-12-04 12:17:54'),
(426,7,3,15,33,'2015','',1,NULL,'2019-12-04 12:17:54','2019-12-04 12:17:54'),
(427,8,1,7,297,'2015','',1,NULL,'2019-12-04 12:18:12','2019-12-04 12:18:12'),
(428,8,2,165,2757,'2015','',1,NULL,'2019-12-04 12:18:12','2019-12-04 12:18:12'),
(429,8,3,224,800,'2015','',1,NULL,'2019-12-04 12:18:12','2019-12-04 12:18:12'),
(430,9,1,4,391,'2015','',1,NULL,'2019-12-04 12:18:30','2019-12-04 12:18:30'),
(431,9,2,36,672,'2015','',1,NULL,'2019-12-04 12:18:30','2019-12-04 12:18:30'),
(432,9,3,99,444,'2015','',1,NULL,'2019-12-04 12:18:30','2019-12-04 12:18:30'),
(433,1,1,26,3591,'2016','',1,NULL,'2019-12-04 12:21:29','2019-12-04 12:21:29'),
(434,1,2,211,4926,'2016','',1,NULL,'2019-12-04 12:21:29','2019-12-04 12:21:29'),
(435,1,3,72,364,'2016','',1,NULL,'2019-12-04 12:21:29','2019-12-04 12:21:29'),
(436,2,1,157,26368,'2016','',1,NULL,'2019-12-04 12:21:49','2019-12-04 12:21:49'),
(437,2,2,406,19804,'2016','',1,NULL,'2019-12-04 12:21:49','2019-12-04 12:21:49'),
(438,2,3,716,2527,'2016','',1,NULL,'2019-12-04 12:21:49','2019-12-04 12:21:49'),
(439,3,1,0,0,'2016','',1,NULL,'2019-12-04 12:22:05','2019-12-04 12:22:05'),
(440,3,2,6,125,'2016','',1,NULL,'2019-12-04 12:22:05','2019-12-04 12:22:05'),
(441,3,3,12,54,'2016','',1,NULL,'2019-12-04 12:22:05','2019-12-04 12:22:05'),
(442,4,1,11,501,'2016','',1,NULL,'2019-12-04 12:22:38','2019-12-04 12:22:38'),
(443,4,2,187,2876,'2016','',1,NULL,'2019-12-04 12:22:39','2019-12-04 12:22:39'),
(444,4,3,316,1180,'2016','',1,NULL,'2019-12-04 12:22:39','2019-12-04 12:22:39'),
(445,5,1,14,621,'2016','',1,NULL,'2019-12-04 12:23:02','2019-12-04 12:23:02'),
(446,5,2,198,2813,'2016','',1,NULL,'2019-12-04 12:23:02','2019-12-04 12:23:02'),
(447,5,3,1077,4586,'2016','',1,NULL,'2019-12-04 12:23:02','2019-12-04 12:23:02'),
(448,6,1,0,0,'2016','',1,NULL,'2019-12-04 12:23:18','2019-12-04 12:23:18'),
(449,6,2,63,583,'2016','',1,NULL,'2019-12-04 12:23:18','2019-12-04 12:23:18'),
(450,6,3,21,39,'2016','',1,NULL,'2019-12-04 12:23:19','2019-12-04 12:23:19'),
(451,7,1,1,20,'2016','',1,NULL,'2019-12-04 12:23:36','2019-12-04 12:23:36'),
(452,7,2,181,1011,'2016','',1,NULL,'2019-12-04 12:23:36','2019-12-04 12:23:36'),
(453,7,3,15,33,'2016','',1,NULL,'2019-12-04 12:23:36','2019-12-04 12:23:36'),
(454,8,1,9,360,'2016','',1,NULL,'2019-12-04 12:23:56','2019-12-04 12:23:56'),
(455,8,2,187,3092,'2016','',1,NULL,'2019-12-04 12:23:56','2019-12-04 12:23:56'),
(456,8,3,224,800,'2016','',1,NULL,'2019-12-04 12:23:56','2019-12-04 12:23:56'),
(457,9,1,4,365,'2016','',1,NULL,'2019-12-04 12:24:13','2019-12-04 12:24:13'),
(458,9,2,72,1158,'2016','',1,NULL,'2019-12-04 12:24:13','2019-12-04 12:24:13'),
(459,9,3,125,489,'2016','',1,NULL,'2019-12-04 12:24:13','2019-12-04 12:24:13'),
(460,1,1,34,4874,'2017','',1,NULL,'2019-12-04 12:24:48','2019-12-04 12:24:48'),
(461,1,2,214,5001,'2017','',1,NULL,'2019-12-04 12:24:48','2019-12-04 12:24:48'),
(462,1,3,72,365,'2017','',1,NULL,'2019-12-04 12:24:48','2019-12-04 12:24:48'),
(463,2,1,156,25868,'2017','',1,NULL,'2019-12-04 12:25:43','2019-12-04 12:25:43'),
(464,2,2,406,19804,'2017','',1,NULL,'2019-12-04 12:25:43','2019-12-04 12:25:43'),
(465,2,3,716,2527,'2017','',1,NULL,'2019-12-04 12:25:43','2019-12-04 12:25:43'),
(466,3,1,0,0,'2017','',1,NULL,'2019-12-04 12:26:03','2019-12-04 12:26:03'),
(467,3,2,6,125,'2017','',1,NULL,'2019-12-04 12:26:03','2019-12-04 12:26:03'),
(468,3,3,22,56,'2017','',1,NULL,'2019-12-04 12:26:03','2019-12-04 12:26:03'),
(469,4,1,11,501,'2017','',1,NULL,'2019-12-04 12:26:25','2019-12-04 12:26:25'),
(470,4,2,187,2876,'2017','',1,NULL,'2019-12-04 12:26:25','2019-12-04 12:26:25'),
(471,4,3,263,1091,'2017','',1,NULL,'2019-12-04 12:26:25','2019-12-04 12:26:25'),
(472,5,1,16,746,'2017','',1,NULL,'2019-12-04 12:26:42','2019-12-04 12:26:42'),
(473,5,2,199,2964,'2017','',1,NULL,'2019-12-04 12:26:42','2019-12-04 12:26:42'),
(474,5,3,1079,4597,'2017','',1,NULL,'2019-12-04 12:26:42','2019-12-04 12:26:42'),
(475,6,1,0,0,'2017','',1,NULL,'2019-12-04 12:27:08','2019-12-04 12:27:08'),
(476,6,2,63,583,'2017','',1,NULL,'2019-12-04 12:27:08','2019-12-04 12:27:08'),
(477,6,3,21,39,'2017','',1,NULL,'2019-12-04 12:27:08','2019-12-04 12:27:08'),
(478,7,1,9,360,'2017','',1,NULL,'2019-12-04 12:27:31','2019-12-04 12:27:31'),
(479,7,2,187,3092,'2017','',1,NULL,'2019-12-04 12:27:32','2019-12-04 12:27:32'),
(480,7,3,224,800,'2017','',1,NULL,'2019-12-04 12:27:32','2019-12-04 12:27:32'),
(481,9,1,4,367,'2017','',1,NULL,'2019-12-04 12:27:50','2019-12-04 12:27:50'),
(482,9,2,74,1299,'2017','',1,NULL,'2019-12-04 12:27:50','2019-12-04 12:27:50'),
(483,9,3,130,526,'2017','',1,NULL,'2019-12-04 12:27:50','2019-12-04 12:27:50'),
(484,1,1,34,4874,'2018','',1,NULL,'2019-12-04 12:28:58','2019-12-04 12:28:58'),
(485,1,2,214,5001,'2018','',1,NULL,'2019-12-04 12:28:58','2019-12-04 12:28:58'),
(486,1,3,72,365,'2018','',1,NULL,'2019-12-04 12:28:58','2019-12-04 12:28:58'),
(487,2,1,156,25868,'2018','',1,NULL,'2019-12-04 12:29:16','2019-12-04 12:29:16'),
(488,2,2,406,19804,'2018','',1,NULL,'2019-12-04 12:29:17','2019-12-04 12:29:17'),
(489,2,3,716,2527,'2018','',1,NULL,'2019-12-04 12:29:17','2019-12-04 12:29:17'),
(490,3,1,0,0,'2018','',1,NULL,'2019-12-04 12:30:57','2019-12-04 12:30:57'),
(491,3,2,26,154,'2018','',1,NULL,'2019-12-04 12:30:57','2019-12-04 12:30:57'),
(492,3,3,26,79,'2018','',1,NULL,'2019-12-04 12:30:57','2019-12-04 12:30:57'),
(493,4,1,20,986,'2018','',1,NULL,'2019-12-04 12:31:17','2019-12-04 12:31:17'),
(494,4,2,194,3032,'2018','',1,NULL,'2019-12-04 12:31:17','2019-12-04 12:31:17'),
(495,4,3,320,1324,'2018','',1,NULL,'2019-12-04 12:31:17','2019-12-04 12:31:17'),
(496,5,1,23,1153,'2018','',1,NULL,'2019-12-04 12:31:37','2019-12-04 12:31:37'),
(497,5,2,297,4464,'2018','',1,NULL,'2019-12-04 12:31:38','2019-12-04 12:31:38'),
(498,5,3,1310,5626,'2018','',1,NULL,'2019-12-04 12:31:38','2019-12-04 12:31:38'),
(499,6,1,0,0,'2018','',1,NULL,'2019-12-04 12:31:56','2019-12-04 12:31:56'),
(500,6,2,67,583,'2018','',1,NULL,'2019-12-04 12:31:57','2019-12-04 12:31:57'),
(501,6,3,21,39,'2018','',1,NULL,'2019-12-04 12:31:57','2019-12-04 12:31:57'),
(502,7,1,1,20,'2018','',1,NULL,'2019-12-04 12:32:16','2019-12-04 12:32:16'),
(503,7,2,249,1261,'2018','',1,NULL,'2019-12-04 12:32:16','2019-12-04 12:32:16'),
(504,7,3,16,33,'2018','',1,NULL,'2019-12-04 12:32:16','2019-12-04 12:32:16'),
(505,8,1,10,368,'2018','',1,NULL,'2019-12-04 12:32:37','2019-12-04 12:32:37'),
(506,8,2,244,3577,'2018','',1,NULL,'2019-12-04 12:32:37','2019-12-04 12:32:37'),
(507,8,3,294,1084,'2018','',1,NULL,'2019-12-04 12:32:37','2019-12-04 12:32:37'),
(508,9,1,4,367,'2018','test',1,NULL,'2019-12-04 12:33:00','2020-01-07 20:12:19'),
(509,9,2,74,1299,'2018','',1,NULL,'2019-12-04 12:33:00','2019-12-04 12:33:00'),
(510,9,3,130,526,'2018','',1,NULL,'2019-12-04 12:33:00','2019-12-04 12:33:00'),
(511,1,1,1,1,'2019',NULL,1,NULL,'2020-01-17 10:44:15','2020-01-17 10:44:15');

/*Table structure for table `tb_bar` */

DROP TABLE IF EXISTS `tb_bar`;

CREATE TABLE `tb_bar` (
  `id_bar` int(10) NOT NULL AUTO_INCREMENT,
  `id_kabupaten` int(10) DEFAULT NULL,
  `nama_bar` varchar(200) DEFAULT NULL,
  `pemilik` varchar(100) DEFAULT NULL,
  `alamat` varchar(300) DEFAULT NULL,
  `telp_hp` varchar(50) DEFAULT NULL,
  `fax` varchar(50) DEFAULT NULL,
  `keterangan` varchar(191) DEFAULT NULL,
  `status` varchar(100) DEFAULT 'Terdaftar',
  `created_by` int(11) DEFAULT NULL,
  `updated_by` int(11) DEFAULT NULL,
  `created_at` timestamp NOT NULL DEFAULT CURRENT_TIMESTAMP,
  `updated_at` timestamp NOT NULL DEFAULT CURRENT_TIMESTAMP ON UPDATE CURRENT_TIMESTAMP,
  PRIMARY KEY (`id_bar`)
) ENGINE=InnoDB AUTO_INCREMENT=5 DEFAULT CHARSET=latin1;

/*Data for the table `tb_bar` */

insert  into `tb_bar`(`id_bar`,`id_kabupaten`,`nama_bar`,`pemilik`,`alamat`,`telp_hp`,`fax`,`keterangan`,`status`,`created_by`,`updated_by`,`created_at`,`updated_at`) values 
(1,1,'Lavela','evan','bali','09876','87654','test','Terdaftar',1,1,'2020-01-22 08:59:16','2020-01-22 10:04:10'),
(2,4,'Lavela Fix','evan','bali','09876','87654','test','Tidak Terdaftar Lagi',1,1,'2020-01-22 09:16:42','2020-01-22 09:52:44'),
(3,1,'Jamelaa','Evanaaa','Jl. By Pass Ngurah Rai No. 23 Sanuraaa','08223799774999','0361-2884157','testaaa','Terdaftar',1,1,'2020-01-22 09:28:01','2020-01-22 09:28:21'),
(4,1,'Yerlo','Evan','Jl. By Pass Ngurah Rai No. 23 Sanur','','','','Terdaftar',1,1,'2020-01-22 09:30:02','2020-01-22 10:22:28');

/*Table structure for table `tb_bulan` */

DROP TABLE IF EXISTS `tb_bulan`;

CREATE TABLE `tb_bulan` (
  `id_bulan` int(10) NOT NULL AUTO_INCREMENT,
  `bulan` varchar(50) DEFAULT NULL,
  PRIMARY KEY (`id_bulan`)
) ENGINE=InnoDB AUTO_INCREMENT=13 DEFAULT CHARSET=latin1;

/*Data for the table `tb_bulan` */

insert  into `tb_bulan`(`id_bulan`,`bulan`) values 
(1,'Januari'),
(2,'Februari'),
(3,'Maret'),
(4,'April'),
(5,'Mei'),
(6,'Juni'),
(7,'Juli'),
(8,'Agustus'),
(9,'September'),
(10,'Oktober'),
(11,'November'),
(12,'Desember');

/*Table structure for table `tb_group_nationality` */

DROP TABLE IF EXISTS `tb_group_nationality`;

CREATE TABLE `tb_group_nationality` (
  `id_group` int(10) NOT NULL AUTO_INCREMENT,
  `jenis_kebangsaan` varchar(100) DEFAULT NULL,
  `keterangan` varchar(191) DEFAULT NULL,
  `created_by` int(10) DEFAULT NULL,
  `updated_by` int(10) DEFAULT NULL,
  `created_at` timestamp NOT NULL DEFAULT CURRENT_TIMESTAMP,
  `updated_at` timestamp NOT NULL DEFAULT CURRENT_TIMESTAMP ON UPDATE CURRENT_TIMESTAMP,
  PRIMARY KEY (`id_group`)
) ENGINE=InnoDB AUTO_INCREMENT=13 DEFAULT CHARSET=latin1;

/*Data for the table `tb_group_nationality` */

insert  into `tb_group_nationality`(`id_group`,`jenis_kebangsaan`,`keterangan`,`created_by`,`updated_by`,`created_at`,`updated_at`) values 
(11,'ASEAN','test',1,1,'2020-01-22 19:16:30','2020-01-22 20:02:34');

/*Table structure for table `tb_hotel` */

DROP TABLE IF EXISTS `tb_hotel`;

CREATE TABLE `tb_hotel` (
  `id_hotel` int(10) NOT NULL AUTO_INCREMENT,
  `id_kabupaten` int(10) DEFAULT NULL,
  `id_kat_akomodasi` int(10) DEFAULT NULL,
  `kelas_bintang` varchar(100) DEFAULT 'Disabled',
  `nama_hotel` varchar(100) DEFAULT NULL,
  `nama_perusahaan` varchar(100) DEFAULT NULL,
  `pemilik` varchar(100) DEFAULT NULL,
  `alamat` varchar(300) DEFAULT NULL,
  `email` varchar(100) DEFAULT NULL,
  `website` varchar(100) DEFAULT NULL,
  `telp_hp` varchar(50) DEFAULT NULL,
  `fax` varchar(50) DEFAULT NULL,
  `keterangan` varchar(100) DEFAULT NULL,
  `created_at` timestamp NOT NULL DEFAULT CURRENT_TIMESTAMP,
  `updated_at` timestamp NOT NULL DEFAULT CURRENT_TIMESTAMP ON UPDATE CURRENT_TIMESTAMP,
  `created_by` int(10) DEFAULT NULL,
  `updated_by` int(10) DEFAULT NULL,
  `status` varchar(100) DEFAULT 'Terdaftar',
  PRIMARY KEY (`id_hotel`)
) ENGINE=Aria AUTO_INCREMENT=12 DEFAULT CHARSET=latin1 PAGE_CHECKSUM=1;

/*Data for the table `tb_hotel` */

insert  into `tb_hotel`(`id_hotel`,`id_kabupaten`,`id_kat_akomodasi`,`kelas_bintang`,`nama_hotel`,`nama_perusahaan`,`pemilik`,`alamat`,`email`,`website`,`telp_hp`,`fax`,`keterangan`,`created_at`,`updated_at`,`created_by`,`updated_by`,`status`) values 
(1,1,1,'1','Abian Srama','PT. Griyatama Abian','I. B. Ngr Abiana','Jl. By Pass Ngurah Rai No. 23 Sanur','','','0361-288792','0361-288415','','2020-01-17 22:55:43','2020-01-17 22:56:43',1,1,'Terdaftar'),
(2,1,1,'2','Alit\'s Beach Bungalows','PT. Alit\'s Beach Bungalows','A.A. Cahya Wisantika','Jl. Hang Tuah No. 41 Sanur PO BOX 102','alitblw@indosat.net.id','','0361-288567','0361-288766','','2020-01-17 22:58:28','2020-01-17 22:58:28',1,1,'Terdaftar'),
(3,1,1,'3','All Season Bali Denpasar','Imelda','Sugiarto','Jl. Teuku Umar No. 183 Denpasar 80114','','','0361-228228','0361-228545','','2020-01-17 23:00:16','2020-01-17 23:00:16',1,1,'Terdaftar'),
(4,1,1,'5','Bali Hyatt','PT. Wynncor Bali','Stephen Radcliffe (Renovasi)','Jl. Danau Tamblingan No. 89 Sanur, Po Box 392','balihyatt.inquries@hyatt.com','','0361-281234','0361-287693','','2020-01-17 23:02:36','2020-01-17 23:02:36',1,1,'Terdaftar'),
(5,1,1,'2','Besakih','PT. Besakih Beach Hotel','A.A Bagus Krisna Wardana','Jl. Danau Tamblingan No.45','','','0361-288423','0361-488426','','2020-01-17 23:03:54','2020-01-17 23:03:54',1,1,'Terdaftar'),
(6,2,1,'3','100 Sunset','','Edy Sutrisno','Jl. Raya Sunset Road No. 100 Kuta','','','0361-8477360','0361-766500','','2020-01-17 23:05:04','2020-01-17 23:05:04',1,1,'Terdaftar'),
(7,2,1,'3','Adhi Dharma','PT. Adhi Dharma Loka Kencana','I Made Wita','Jl. Legian No. 155 Kuta','adhidharma@denpasarwasantara.net.id','http://www.adidharmahotel.com','0361-754280','0361-753803','','2020-01-17 23:06:29','2020-01-17 23:06:29',1,1,'Terdaftar'),
(8,2,1,'4','Adhi Jaya Sunset Hotel','PT. Wijaya','Deni Kusumo','Jl. Sunset Road Kuta','','','0361-8947171','0361-8947172','','2020-01-17 23:07:32','2020-01-17 23:07:32',1,1,'Terdaftar'),
(9,2,1,'4','Alam Kulkul Boutique Resort','PT. Wietasha Putrindo Wisata','Feisol H. Hashim','Jl. Pantai Kuta','info@alamkulkul.com','http://www.alamkulkul.com','0361-752520','0361-752519','','2020-01-17 23:08:50','2020-01-21 09:05:13',1,1,'Tidak Terdaftar Lagi'),
(10,2,1,'3','All Season Legian Bali Hotel','','Jhony W','Jl. Padma Utara Legian Kuta Badung','','','0361-767688','0361-756197','','2020-01-17 23:09:43','2020-01-21 09:04:45',1,1,'Tidak Terdaftar Lagi');

/*Table structure for table `tb_jlh_penumpang` */

DROP TABLE IF EXISTS `tb_jlh_penumpang`;

CREATE TABLE `tb_jlh_penumpang` (
  `id_jlh_penumpang` int(10) NOT NULL AUTO_INCREMENT,
  `id_pintu_masuk` int(10) DEFAULT NULL,
  `jlh_internasional` bigint(19) DEFAULT NULL,
  `jlh_domestik` bigint(19) DEFAULT NULL,
  `total` bigint(19) DEFAULT NULL,
  `id_bulan` int(10) DEFAULT NULL,
  `tahun` varchar(20) DEFAULT NULL,
  `keterangan` varchar(191) DEFAULT NULL,
  `created_at` timestamp NULL DEFAULT CURRENT_TIMESTAMP,
  `updated_at` timestamp NULL DEFAULT CURRENT_TIMESTAMP,
  `created_by` int(10) DEFAULT NULL,
  `updated_by` int(10) DEFAULT NULL,
  PRIMARY KEY (`id_jlh_penumpang`)
) ENGINE=InnoDB AUTO_INCREMENT=739 DEFAULT CHARSET=latin1;

/*Data for the table `tb_jlh_penumpang` */

insert  into `tb_jlh_penumpang`(`id_jlh_penumpang`,`id_pintu_masuk`,`jlh_internasional`,`jlh_domestik`,`total`,`id_bulan`,`tahun`,`keterangan`,`created_at`,`updated_at`,`created_by`,`updated_by`) values 
(1,3,100098,61841,161939,1,'2000','','2019-11-01 20:58:20','2019-11-04 12:27:48',1,1),
(2,3,106085,46427,152512,2,'2000','','2019-11-01 20:58:47','2019-11-04 12:27:57',1,1),
(3,3,103929,49456,153385,3,'2000','','2019-11-01 20:59:24','2019-11-04 12:28:07',1,1),
(5,3,98722,47715,146437,5,'2000','','2019-11-01 21:00:47','2019-11-04 12:28:26',1,1),
(6,3,109127,54613,163740,6,'2000','','2019-11-01 21:01:10','2019-11-04 12:28:35',1,1),
(7,3,126451,72944,199395,7,'2000','','2019-11-01 21:01:29','2019-11-04 12:28:56',1,1),
(8,3,133860,68220,202080,8,'2000','','2019-11-01 21:01:52','2019-11-04 12:29:06',1,1),
(9,3,134230,63877,198107,9,'2000','','2019-11-01 21:02:13','2019-11-04 12:29:13',1,1),
(10,3,131420,70346,201766,10,'2000','','2019-11-01 21:02:55','2019-11-04 12:29:31',1,1),
(11,3,118295,54567,172862,11,'2000','','2019-11-01 21:03:16','2019-11-04 12:29:43',1,1),
(12,3,116459,72629,189088,12,'2000','','2019-11-01 21:03:36','2019-11-04 12:29:53',1,1),
(13,2,0,266558,266558,1,'2000','','2019-11-01 21:05:54','2019-11-04 03:43:21',1,1),
(14,2,0,271226,271226,2,'2000','','2019-11-01 21:06:26','2019-11-04 03:43:21',1,1),
(15,2,0,278466,278466,3,'2000','','2019-11-01 21:06:45','2019-11-04 03:43:21',1,1),
(16,2,0,230523,230523,4,'2000','','2019-11-01 21:07:11','2019-11-04 03:43:21',1,1),
(17,2,0,210821,210821,5,'2000','','2019-11-01 21:08:14','2019-11-04 03:43:21',1,1),
(18,2,0,247102,247102,6,'2000','','2019-11-01 21:08:33','2019-11-04 03:43:21',1,1),
(19,2,0,241452,241452,7,'2000','','2019-11-01 21:09:02','2019-11-04 03:43:21',1,1),
(20,2,0,256731,256731,8,'2000','','2019-11-01 21:09:19','2019-11-04 03:43:21',1,1),
(21,2,0,252321,252321,9,'2000','','2019-11-01 21:09:35','2019-11-04 03:43:21',1,1),
(22,2,0,263211,263211,10,'2000','','2019-11-01 21:10:07','2019-11-04 03:43:21',1,1),
(23,2,0,272414,272414,11,'2000','','2019-11-01 21:11:35','2019-11-04 03:43:21',1,1),
(24,2,0,269986,269986,12,'2000','','2019-11-01 21:11:54','2019-11-04 03:43:21',1,1),
(25,1,0,66449,66449,1,'2000','','2019-11-01 21:13:07','2019-11-04 03:43:21',1,1),
(26,1,0,28943,28943,2,'2000','','2019-11-01 21:13:40','2019-11-04 03:43:21',1,1),
(27,1,0,34477,34477,3,'2000','','2019-11-01 21:14:29','2019-11-04 03:43:21',1,1),
(28,1,0,35620,35620,4,'2000','','2019-11-01 21:14:47','2019-11-04 03:43:21',1,1),
(29,1,0,34533,34533,5,'2000','','2019-11-01 21:15:07','2019-11-04 03:43:21',1,1),
(30,1,0,33626,33626,6,'2000','','2019-11-01 21:15:26','2019-11-04 03:43:21',1,1),
(31,1,0,46075,46075,7,'2000','','2019-11-01 21:15:41','2019-11-04 03:43:21',1,1),
(32,1,0,37211,37211,8,'2000','','2019-11-01 21:16:02','2019-11-04 03:43:21',1,1),
(33,1,0,35708,35708,9,'2000','','2019-11-01 21:16:21','2019-11-04 03:43:21',1,1),
(34,1,0,37682,37682,10,'2000','','2019-11-01 21:16:55','2019-11-04 03:43:21',1,1),
(35,1,0,33031,33031,11,'2000','','2019-11-01 21:17:13','2019-11-04 03:43:21',1,1),
(36,1,0,37675,37675,12,'2000','','2019-11-01 21:17:27','2019-11-04 03:43:21',1,1),
(37,3,117309,61755,179064,1,'2001','','2019-11-01 21:21:57','2019-11-04 12:39:44',1,1),
(38,3,108607,53870,162477,2,'2001','','2019-11-01 21:22:14','2019-11-04 12:39:58',1,1),
(39,3,115427,57820,173247,3,'2001','','2019-11-01 21:22:31','2019-11-04 12:40:22',1,1),
(40,3,116435,56801,173236,4,'2001','','2019-11-01 21:22:50','2019-11-04 12:40:32',1,1),
(41,3,124951,61613,186564,5,'2001','','2019-11-01 21:23:13','2019-11-04 12:40:44',1,1),
(43,3,128031,61616,189647,6,'2001','','2019-11-01 21:23:51','2019-11-04 12:41:02',1,1),
(44,3,142709,76053,218762,8,'2001','','2019-11-01 21:24:07','2019-11-04 12:41:08',1,1),
(45,3,139605,67484,207089,9,'2001','','2019-11-01 21:25:27','2019-11-04 12:41:15',1,1),
(46,3,126255,70930,197185,10,'2001','','2019-11-01 21:25:46','2019-11-04 12:41:25',1,1),
(47,3,96509,54703,151212,11,'2001','','2019-11-01 21:26:19','2019-11-04 12:41:32',1,1),
(48,3,105339,92018,197357,12,'2001','','2019-11-01 21:26:43','2019-11-04 12:41:40',1,1),
(49,2,0,277401,277401,1,'2001','','2019-11-01 21:28:09','2019-11-04 03:43:21',1,1),
(50,2,0,206445,206445,2,'2001','','2019-11-01 21:28:33','2019-11-04 03:43:21',1,1),
(51,2,0,197916,197916,3,'2001','','2019-11-01 21:28:51','2019-11-04 03:43:21',1,1),
(52,2,0,152883,152883,4,'2001','','2019-11-01 21:29:05','2019-11-04 03:43:21',1,1),
(53,2,0,152783,152783,5,'2001','','2019-11-01 21:29:22','2019-11-04 03:43:21',1,1),
(54,2,0,200667,200667,6,'2001','','2019-11-01 21:29:38','2019-11-04 03:43:21',1,1),
(55,2,0,243979,243979,7,'2001','','2019-11-01 21:29:59','2019-11-04 03:43:21',1,1),
(56,2,0,149610,149610,8,'2001','','2019-11-01 21:30:14','2019-11-04 03:43:21',1,1),
(57,2,0,145398,145398,9,'2001','','2019-11-01 21:30:29','2019-11-04 03:43:21',1,1),
(58,2,0,171782,171782,10,'2001','','2019-11-01 21:30:43','2019-11-04 03:43:21',1,1),
(59,2,0,180230,180230,11,'2001','','2019-11-01 21:30:59','2019-11-04 03:43:21',1,1),
(60,2,0,308797,308797,12,'2001','','2019-11-01 21:31:13','2019-11-04 03:43:21',1,1),
(61,1,0,54242,54242,1,'2001','','2019-11-01 21:32:49','2019-11-04 03:43:21',1,1),
(62,1,0,22828,22828,2,'2001','','2019-11-01 21:33:02','2019-11-04 03:43:21',1,1),
(63,1,0,34503,34503,3,'2001','','2019-11-01 21:33:15','2019-11-04 03:43:21',1,1),
(64,1,0,29926,29926,4,'2001','','2019-11-01 21:33:31','2019-11-04 03:43:21',1,1),
(65,1,0,30278,30278,5,'2001','','2019-11-01 21:33:44','2019-11-04 03:43:21',1,1),
(66,1,0,36228,36228,6,'2001','','2019-11-01 21:33:57','2019-11-04 03:43:21',1,1),
(67,1,0,45982,45982,7,'2001','','2019-11-01 21:34:10','2019-11-04 03:43:21',1,1),
(68,1,0,37034,37034,8,'2001','','2019-11-01 21:34:23','2019-11-04 03:43:21',1,1),
(69,1,0,34616,34616,9,'2001','','2019-11-01 21:34:36','2019-11-04 03:43:21',1,1),
(70,1,0,34802,34802,10,'2001','','2019-11-01 21:34:50','2019-11-04 03:43:21',1,1),
(71,1,0,28211,28211,11,'2001','','2019-11-01 21:35:06','2019-11-04 03:43:21',1,1),
(72,1,0,58102,58102,12,'2001','','2019-11-01 21:35:18','2019-11-04 03:43:21',1,1),
(73,3,99061,61566,160627,1,'2002','','2019-11-04 01:10:13','2019-11-04 03:43:21',1,1),
(74,3,103804,59970,163774,2,'2002','','2019-11-04 01:15:09','2019-11-04 03:43:21',1,1),
(75,3,133292,72740,206032,3,'2002','','2019-11-04 01:15:25','2019-11-04 03:43:21',1,1),
(76,3,114647,64010,178657,4,'2002','','2019-11-04 01:15:49','2019-11-04 03:43:21',1,1),
(77,3,129817,74959,204776,5,'2002','','2019-11-04 01:16:10','2019-11-04 03:43:21',1,1),
(78,3,141291,82136,223427,6,'2002','','2019-11-04 01:17:25','2019-11-04 03:43:21',1,1),
(79,3,158128,102286,260414,7,'2002','','2019-11-04 01:17:40','2019-11-04 03:43:21',1,1),
(80,3,166606,88949,255555,8,'2002','','2019-11-04 01:17:56','2019-11-04 03:43:21',1,1),
(81,3,151984,78525,230509,9,'2002','','2019-11-04 01:18:15','2019-11-04 03:43:21',1,1),
(82,3,93119,76420,169539,10,'2002','','2019-11-04 01:18:37','2019-11-04 03:43:21',1,1),
(83,3,43074,54493,97567,11,'2002','','2019-11-04 01:18:54','2019-11-04 03:43:21',1,1),
(84,3,80754,110451,191205,12,'2002','','2019-11-04 01:19:14','2019-11-04 03:43:21',1,1),
(85,2,0,146631,146631,1,'2002','','2019-11-04 01:19:50','2019-11-04 03:43:21',1,1),
(86,2,0,104434,104434,2,'2002','','2019-11-04 01:20:05','2019-11-04 03:43:21',1,1),
(87,2,0,179070,179070,3,'2002','','2019-11-04 01:20:23','2019-11-04 03:43:21',1,1),
(88,2,0,139893,139893,4,'2002','','2019-11-04 01:20:41','2019-11-04 03:43:21',1,1),
(89,2,0,182980,182980,5,'2002','','2019-11-04 01:21:04','2019-11-04 03:43:21',1,1),
(90,2,0,216664,216664,6,'2002','','2019-11-04 01:21:24','2019-11-04 03:43:21',1,1),
(91,2,0,258487,258487,7,'2002','','2019-11-04 01:21:44','2019-11-04 03:43:21',1,1),
(92,2,0,158527,158527,8,'2002','','2019-11-04 01:22:00','2019-11-04 03:43:21',1,1),
(93,2,0,148887,148887,9,'2002','','2019-11-04 01:22:16','2019-11-04 03:43:21',1,1),
(94,2,0,160396,160396,10,'2002','','2019-11-04 01:22:40','2019-11-04 03:43:21',1,1),
(95,2,0,114159,114159,11,'2002','','2019-11-04 01:22:57','2019-11-04 03:43:21',1,1),
(96,2,0,307870,307870,12,'2002','','2019-11-04 01:23:14','2019-11-04 03:43:21',1,1),
(97,1,0,38053,38053,1,'2002','','2019-11-04 01:25:27','2019-11-04 03:43:21',1,1),
(98,1,0,19791,19791,2,'2002','','2019-11-04 01:25:42','2019-11-04 03:43:21',1,1),
(99,1,0,29199,29199,3,'2002','','2019-11-04 01:25:57','2019-11-04 03:43:21',1,1),
(100,1,0,25058,25058,4,'2002','','2019-11-04 01:26:11','2019-11-04 03:43:21',1,1),
(101,1,0,24882,24882,5,'2002','','2019-11-04 01:26:24','2019-11-04 03:43:21',1,1),
(102,1,0,36168,36168,6,'2002','','2019-11-04 01:26:42','2019-11-04 03:43:21',1,1),
(103,1,0,39982,39982,7,'2002','','2019-11-04 01:26:59','2019-11-04 03:43:21',1,1),
(104,1,0,33838,33838,8,'2002','','2019-11-04 01:27:12','2019-11-04 03:43:21',1,1),
(105,1,0,28704,28704,9,'2002','','2019-11-04 01:27:26','2019-11-04 03:43:21',1,1),
(106,1,0,25331,25331,10,'2002','','2019-11-04 01:27:40','2019-11-04 03:43:21',1,1),
(107,1,0,20940,20940,11,'2002','','2019-11-04 01:27:52','2019-11-04 03:43:21',1,1),
(108,1,0,46955,46955,12,'2002','','2019-11-04 01:28:07','2019-11-04 03:43:21',1,1),
(109,3,72534,79315,151849,1,'2003','','2019-11-04 01:31:31','2019-11-04 03:43:21',1,1),
(110,3,75042,64748,139790,2,'2003','','2019-11-04 01:31:44','2019-11-04 03:43:21',1,1),
(111,3,81329,69793,151122,3,'2003','','2019-11-04 01:31:59','2019-11-04 03:43:21',1,1),
(112,3,57768,66187,123955,4,'2003','','2019-11-04 01:32:13','2019-11-04 03:43:21',1,1),
(113,3,50109,80402,130511,5,'2003','','2019-11-04 01:32:29','2019-11-04 03:43:21',1,1),
(114,3,86722,93746,180468,6,'2003','','2019-11-04 01:32:46','2019-11-04 03:43:21',1,1),
(115,3,116762,123676,240438,7,'2003','','2019-11-04 01:33:04','2019-11-04 03:43:21',1,1),
(116,3,121315,99684,220999,8,'2003','','2019-11-04 01:33:36','2019-11-04 03:43:21',1,1),
(117,3,113664,94522,208186,9,'2003','','2019-11-04 01:33:51','2019-11-04 03:43:21',1,1),
(118,3,105627,106334,211961,10,'2003','','2019-11-04 01:34:05','2019-11-04 03:43:21',1,1),
(119,3,97584,94836,192420,11,'2003','','2019-11-04 01:34:24','2019-11-04 03:43:21',1,1),
(120,3,106459,126486,232945,12,'2003','','2019-11-04 01:34:41','2019-11-04 03:43:21',1,1),
(121,2,0,170817,170817,1,'2003','','2019-11-04 01:35:46','2019-11-04 03:43:21',1,1),
(122,2,0,108123,108123,2,'2003','','2019-11-04 01:36:00','2019-11-04 03:43:21',1,1),
(123,2,0,118631,118631,3,'2003','','2019-11-04 01:36:13','2019-11-04 03:43:21',1,1),
(124,2,0,130556,130556,4,'2003','','2019-11-04 01:36:26','2019-11-04 03:43:21',1,1),
(125,2,0,158720,158720,5,'2003','','2019-11-04 01:36:43','2019-11-04 03:43:21',1,1),
(126,2,0,158423,158423,6,'2003','','2019-11-04 01:37:03','2019-11-04 03:43:21',1,1),
(127,2,0,192100,192100,7,'2003','','2019-11-04 01:37:15','2019-11-04 03:43:21',1,1),
(128,2,0,129729,129729,8,'2003','','2019-11-04 01:37:27','2019-11-04 03:43:21',1,1),
(129,2,0,118618,118618,9,'2003','','2019-11-04 01:37:43','2019-11-04 03:43:21',1,1),
(130,2,0,129666,129666,10,'2003','','2019-11-04 01:37:54','2019-11-04 03:43:21',1,1),
(131,2,0,182374,182374,11,'2003','','2019-11-04 01:38:10','2019-11-04 03:43:21',1,1),
(132,2,0,237676,237676,12,'2003','','2019-11-04 01:38:23','2019-11-04 03:43:21',1,1),
(133,1,0,34449,34449,1,'2003','','2019-11-04 01:40:10','2019-11-04 03:43:21',1,1),
(134,1,0,27811,27811,2,'2003','','2019-11-04 01:40:20','2019-11-04 03:43:21',1,1),
(135,1,0,28487,28487,3,'2003','','2019-11-04 01:40:30','2019-11-04 03:43:21',1,1),
(136,1,0,26321,26321,4,'2003','','2019-11-04 01:40:42','2019-11-04 03:43:21',1,1),
(137,1,0,21391,21391,5,'2003','','2019-11-04 01:40:55','2019-11-04 03:43:21',1,1),
(138,1,0,32893,32893,6,'2003','','2019-11-04 01:41:10','2019-11-04 03:43:21',1,1),
(139,1,0,32478,32478,7,'2003','','2019-11-04 01:41:22','2019-11-04 03:43:21',1,1),
(140,1,0,31508,31508,8,'2003','','2019-11-04 01:41:33','2019-11-04 03:43:21',1,1),
(141,1,0,21321,21321,9,'2003','','2019-11-04 01:41:46','2019-11-04 03:43:21',1,1),
(142,1,0,20084,20084,10,'2003','','2019-11-04 01:41:59','2019-11-04 03:43:21',1,1),
(143,1,0,23483,23483,11,'2003','','2019-11-04 01:42:11','2019-11-04 03:43:21',1,1),
(144,1,0,34443,34443,12,'2003','','2019-11-04 01:42:22','2019-11-04 03:43:21',1,1),
(145,3,116084,106842,222926,1,'2004','','2019-11-04 01:44:48','2019-11-04 03:43:21',1,1),
(146,3,96700,88648,185348,2,'2004','','2019-11-04 01:45:03','2019-11-04 03:43:21',1,1),
(147,3,99375,88230,187605,3,'2004','','2019-11-04 01:45:17','2019-11-04 03:43:21',1,1),
(148,3,103841,93047,196888,4,'2004','','2019-11-04 01:45:31','2019-11-04 03:43:21',1,1),
(149,3,109323,98313,207636,5,'2004','','2019-11-04 01:45:54','2019-11-04 03:43:21',1,1),
(150,3,124326,117700,242026,6,'2004','','2019-11-04 01:46:11','2019-11-04 03:43:21',1,1),
(151,3,146474,137052,283526,7,'2004','','2019-11-04 01:46:35','2019-11-04 03:43:21',1,1),
(152,3,158415,141852,300267,8,'2004','','2019-11-04 01:46:54','2019-11-04 03:43:21',1,1),
(153,3,144384,143471,287855,9,'2004','','2019-11-04 01:47:10','2019-11-04 03:43:21',1,1),
(154,3,137558,124504,262062,10,'2004','','2019-11-04 01:47:22','2019-11-04 03:43:21',1,1),
(155,3,127700,139186,266886,11,'2004','','2019-11-04 01:47:39','2019-11-04 03:43:21',1,1),
(156,3,131175,160570,291745,12,'2004','','2019-11-04 01:47:54','2019-11-04 03:43:21',1,1),
(157,2,0,162380,162380,1,'2004','','2019-11-04 01:50:42','2019-11-04 03:43:21',1,1),
(158,2,0,127564,127564,2,'2004','','2019-11-04 01:50:57','2019-11-04 03:43:21',1,1),
(159,2,0,100047,100047,3,'2004','','2019-11-04 01:51:08','2019-11-04 03:43:21',1,1),
(160,2,0,115176,115176,4,'2004','','2019-11-04 01:51:21','2019-11-04 03:43:21',1,1),
(161,2,0,128431,128431,5,'2004','','2019-11-04 01:51:31','2019-11-04 03:43:21',1,1),
(162,2,0,156129,156129,6,'2004','','2019-11-04 01:51:45','2019-11-04 03:43:21',1,1),
(163,2,0,202465,202465,7,'2004','','2019-11-04 01:51:59','2019-11-04 03:43:21',1,1),
(164,2,0,138451,138451,8,'2004','','2019-11-04 01:52:12','2019-11-04 03:43:21',1,1),
(165,2,0,132523,132523,9,'2004','','2019-11-04 01:52:27','2019-11-04 03:43:21',1,1),
(166,2,0,120487,120487,10,'2004','','2019-11-04 01:52:39','2019-11-04 03:43:21',1,1),
(167,2,0,293042,293042,11,'2004','','2019-11-04 01:52:51','2019-11-04 03:43:21',1,1),
(168,2,0,176855,176855,12,'2004','','2019-11-04 01:53:06','2019-11-04 03:43:21',1,1),
(169,1,0,20568,20568,1,'2004','','2019-11-04 01:53:40','2019-11-04 03:43:21',1,1),
(170,1,0,15649,15649,2,'2004','','2019-11-04 01:53:51','2019-11-04 03:43:21',1,1),
(171,1,0,15351,15351,3,'2004','','2019-11-04 01:54:05','2019-11-04 03:43:21',1,1),
(172,1,0,15812,15812,4,'2004','','2019-11-04 01:54:17','2019-11-04 03:43:21',1,1),
(173,1,0,18564,18564,5,'2004','','2019-11-04 01:54:31','2019-11-04 03:43:21',1,1),
(174,1,0,17509,17509,6,'2004','','2019-11-04 01:54:45','2019-11-04 03:43:21',1,1),
(175,1,0,27933,27933,7,'2004','','2019-11-04 01:55:01','2019-11-04 03:43:21',1,1),
(176,1,0,15674,15674,8,'2004','','2019-11-04 01:55:27','2019-11-04 03:43:21',1,1),
(177,1,0,15197,15197,9,'2004','','2019-11-04 01:55:39','2019-11-04 03:43:21',1,1),
(178,1,0,15335,15335,10,'2004','','2019-11-04 01:55:51','2019-11-04 03:43:21',1,1),
(179,1,0,36256,36256,11,'2004','','2019-11-04 01:56:02','2019-11-04 03:43:21',1,1),
(180,1,0,21616,21616,12,'2004','','2019-11-04 01:56:13','2019-11-04 03:43:21',1,1),
(181,3,114705,121900,236605,1,'2005','','2019-11-04 01:57:32','2019-11-04 03:43:21',1,1),
(182,3,109928,115979,225907,2,'2005','','2019-11-04 01:57:45','2019-11-04 03:43:21',1,1),
(183,3,125820,133630,259450,3,'2005','','2019-11-04 01:58:02','2019-11-04 03:43:21',1,1),
(184,3,124309,123769,248078,4,'2005','','2019-11-04 01:58:19','2019-11-04 03:43:21',1,1),
(185,3,125881,139760,265641,5,'2005','','2019-11-04 01:58:32','2019-11-04 03:43:21',1,1),
(186,3,148501,142106,290607,6,'2005','','2019-11-04 01:58:47','2019-11-04 03:43:21',1,1),
(187,3,170704,175148,345852,7,'2005','','2019-11-04 01:59:01','2019-11-04 03:43:21',1,1),
(188,3,164391,164175,328566,8,'2005','','2019-11-04 01:59:16','2019-11-04 03:43:21',1,1),
(189,3,169659,160358,330017,9,'2005','','2019-11-04 01:59:29','2019-11-04 03:43:21',1,1),
(190,3,94037,102035,196072,10,'2005','','2019-11-04 01:59:43','2019-11-04 03:43:21',1,1),
(191,3,75693,129888,205581,11,'2005','','2019-11-04 01:59:56','2019-11-04 03:43:21',1,1),
(192,3,87555,142497,230052,12,'2005','','2019-11-04 02:00:09','2019-11-04 03:43:21',1,1),
(193,2,0,163790,163790,1,'2005','','2019-11-04 02:00:58','2019-11-04 03:43:21',1,1),
(194,2,0,127742,127742,2,'2005','','2019-11-04 02:01:11','2019-11-04 03:43:21',1,1),
(195,2,0,168473,168473,3,'2005','','2019-11-04 02:01:23','2019-11-04 03:43:21',1,1),
(196,2,0,141071,141071,4,'2005','','2019-11-04 02:01:34','2019-11-04 03:43:21',1,1),
(197,2,0,145170,145170,5,'2005','','2019-11-04 02:01:47','2019-11-04 03:43:21',1,1),
(198,2,0,162445,162445,6,'2005','','2019-11-04 02:02:00','2019-11-04 03:43:21',1,1),
(199,2,0,203200,203200,7,'2005','','2019-11-04 02:02:14','2019-11-04 03:43:21',1,1),
(200,2,0,148571,148571,8,'2005','','2019-11-04 02:02:30','2019-11-04 03:43:21',1,1),
(201,2,0,157958,157958,9,'2005','','2019-11-04 02:02:40','2019-11-04 03:43:21',1,1),
(202,2,0,130340,130340,10,'2005','','2019-11-04 02:02:53','2019-11-04 03:43:21',1,1),
(203,2,0,251291,251291,11,'2005','','2019-11-04 02:03:03','2019-11-04 03:43:21',1,1),
(204,2,0,141280,141280,12,'2005','','2019-11-04 02:03:16','2019-11-04 03:43:21',1,1),
(205,1,0,17745,17745,1,'2005','','2019-11-04 02:06:29','2019-11-04 03:43:21',1,1),
(206,1,0,30453,30453,2,'2005','','2019-11-04 02:06:40','2019-11-04 03:43:21',1,1),
(207,1,0,30753,30753,3,'2005','','2019-11-04 02:06:52','2019-11-04 03:43:21',1,1),
(208,1,0,31005,31005,4,'2005','','2019-11-04 02:07:03','2019-11-04 03:43:21',1,1),
(209,1,0,37426,37426,5,'2005','','2019-11-04 02:07:14','2019-11-04 03:43:21',1,1),
(210,1,0,37990,37990,6,'2005','','2019-11-04 02:07:24','2019-11-04 03:43:21',1,1),
(211,1,0,51440,51440,7,'2005','','2019-11-04 02:07:34','2019-11-04 03:43:21',1,1),
(222,1,0,50696,50696,8,'2005','','2019-11-04 02:07:47','2019-11-04 03:43:21',1,1),
(223,1,0,47966,47966,9,'2005','','2019-11-04 02:08:00','2019-11-04 03:43:21',1,1),
(224,1,0,47577,47577,10,'2005','','2019-11-04 02:08:12','2019-11-04 03:43:21',1,1),
(225,1,0,59170,59170,11,'2005','','2019-11-04 02:08:33','2019-11-04 03:43:21',1,1),
(226,1,0,39744,39744,12,'2005','','2019-11-04 02:08:45','2019-11-04 03:43:21',1,1),
(227,3,90010,130379,220389,1,'2006','','2019-11-04 01:57:32','2019-11-04 03:43:21',1,1),
(228,3,78824,106343,185167,2,'2006','','2019-11-04 01:57:45','2019-11-04 03:43:21',1,1),
(229,3,92280,122888,215168,3,'2006','','2019-11-04 01:58:02','2019-11-04 03:43:21',1,1),
(230,3,106896,145262,252158,4,'2006','','2019-11-04 01:58:19','2019-11-04 03:43:21',1,1),
(231,3,113646,129426,243072,5,'2006','','2019-11-04 01:58:32','2019-11-04 03:43:21',1,1),
(232,3,125603,139524,265127,6,'2006','','2019-11-04 01:58:47','2019-11-04 03:43:21',1,1),
(233,3,142928,166269,309197,7,'2006','','2019-11-04 01:59:01','2019-11-04 03:43:21',1,1),
(234,3,139584,162280,301864,8,'2006','','2019-11-04 01:59:16','2019-11-04 03:43:21',1,1),
(235,3,138604,142126,280730,9,'2006','','2019-11-04 01:59:29','2019-11-04 13:44:03',1,1),
(236,3,135403,136123,271526,10,'2006','','2019-11-04 01:59:43','2019-11-04 03:43:21',1,1),
(237,3,127596,143259,270855,11,'2006','','2019-11-04 01:59:56','2019-11-04 03:43:21',1,1),
(238,3,135734,173670,309404,12,'2006','','2019-11-04 02:00:09','2019-11-04 03:43:21',1,1),
(239,2,0,178267,178267,1,'2006','','2019-11-04 02:00:58','2019-11-04 03:43:21',1,1),
(240,2,0,134283,134283,2,'2006','','2019-11-04 02:01:11','2019-11-04 03:43:21',1,1),
(241,2,0,125302,125302,3,'2006','','2019-11-04 02:01:23','2019-11-04 03:43:21',1,1),
(242,2,0,135472,135472,4,'2006','','2019-11-04 02:01:34','2019-11-04 03:43:21',1,1),
(243,2,0,144241,144241,5,'2006','','2019-11-04 02:01:47','2019-11-04 03:43:21',1,1),
(244,2,0,167166,167166,6,'2006','','2019-11-04 02:02:00','2019-11-04 03:43:21',1,1),
(245,2,0,197511,197511,7,'2006','','2019-11-04 02:02:14','2019-11-04 03:43:21',1,1),
(246,2,0,157258,157258,8,'2006','','2019-11-04 02:02:30','2019-11-04 03:43:21',1,1),
(247,2,0,140627,140627,9,'2006','','2019-11-04 02:02:40','2019-11-04 03:43:21',1,1),
(248,2,0,208331,208331,10,'2006','','2019-11-04 02:02:53','2019-11-04 03:43:21',1,1),
(249,2,0,187419,187419,11,'2006','','2019-11-04 02:03:03','2019-11-04 03:43:21',1,1),
(250,2,0,153708,153708,12,'2006','','2019-11-04 02:03:16','2019-11-04 03:43:21',1,1),
(251,1,0,37113,37113,1,'2006','','2019-11-04 02:06:29','2019-11-04 03:43:21',1,1),
(252,1,0,32686,32686,2,'2006','','2019-11-04 02:06:40','2019-11-04 03:43:21',1,1),
(253,1,0,39442,39442,3,'2006','','2019-11-04 02:06:52','2019-11-04 03:43:21',1,1),
(254,1,0,41525,41525,4,'2006','','2019-11-04 02:07:03','2019-11-04 03:43:21',1,1),
(255,1,0,42307,42307,5,'2006','','2019-11-04 02:07:14','2019-11-04 03:43:21',1,1),
(256,1,0,39589,39589,6,'2006','','2019-11-04 02:07:24','2019-11-04 03:43:21',1,1),
(257,1,0,51392,51392,7,'2006','','2019-11-04 02:07:34','2019-11-04 03:43:21',1,1),
(258,1,0,46686,46686,8,'2006','','2019-11-04 02:07:47','2019-11-04 03:43:21',1,1),
(259,1,0,45350,45350,9,'2006','','2019-11-04 02:08:00','2019-11-04 03:43:21',1,1),
(260,1,0,57424,57424,10,'2006','','2019-11-04 02:08:12','2019-11-04 03:43:21',1,1),
(261,1,0,60682,60682,11,'2006','','2019-11-04 02:08:33','2019-11-04 03:43:21',1,1),
(262,1,0,44108,44108,12,'2006','','2019-11-04 02:08:45','2019-11-04 03:43:21',1,1),
(263,3,125562,135786,261348,1,'2007','','2019-11-04 01:57:32','2019-11-04 03:43:21',1,1),
(264,3,124829,116509,241338,2,'2007','','2019-11-04 01:57:45','2019-11-04 03:43:21',1,1),
(265,3,135551,128821,264372,3,'2007','','2019-11-04 01:58:02','2019-11-04 03:43:21',1,1),
(266,3,140406,133788,274194,4,'2007','','2019-11-04 01:58:19','2019-11-04 03:43:21',1,1),
(267,3,158641,144415,303056,5,'2007','','2019-11-04 01:58:32','2019-11-04 03:43:21',1,1),
(268,3,160599,175161,335760,6,'2007','','2019-11-04 01:58:47','2019-11-04 03:43:21',1,1),
(269,3,179051,202978,382029,7,'2007','','2019-11-04 01:59:01','2019-11-04 03:43:21',1,1),
(270,3,164300,191489,355789,8,'2007','','2019-11-04 01:59:16','2019-11-04 03:43:21',1,1),
(271,3,167856,144788,312644,9,'2007','','2019-11-04 01:59:29','2019-11-04 03:43:21',1,1),
(272,3,158037,182474,340511,10,'2007','','2019-11-04 01:59:43','2019-11-04 03:43:21',1,1),
(273,3,146658,174356,321014,11,'2007','','2019-11-04 01:59:56','2019-11-04 03:43:21',1,1),
(274,3,155848,211603,367451,12,'2007','','2019-11-04 02:00:09','2019-11-04 03:43:21',1,1),
(275,2,0,184606,184606,1,'2007','','2019-11-04 02:00:58','2019-11-04 03:43:21',1,1),
(276,2,0,138913,138913,2,'2007','','2019-11-04 02:01:11','2019-11-04 03:43:21',1,1),
(277,2,0,155911,155911,3,'2007','','2019-11-04 02:01:23','2019-11-04 03:43:21',1,1),
(278,2,0,158925,158925,4,'2007','','2019-11-04 02:01:34','2019-11-04 03:43:21',1,1),
(279,2,0,180463,180463,5,'2007','','2019-11-04 02:01:47','2019-11-04 03:43:21',1,1),
(280,2,0,205029,205029,6,'2007','','2019-11-04 02:02:00','2019-11-04 03:43:21',1,1),
(281,2,0,228709,228709,7,'2007','','2019-11-04 02:02:14','2019-11-04 03:43:21',1,NULL),
(282,2,0,194015,194015,8,'2007','','2019-11-04 02:02:30','2019-11-04 03:43:21',1,NULL),
(283,2,0,176781,176781,9,'2007','','2019-11-04 02:02:40','2019-11-04 03:43:21',1,NULL),
(284,2,0,346559,346559,10,'2007','','2019-11-04 02:02:53','2019-11-04 03:43:21',1,NULL),
(285,2,0,187614,187614,11,'2007','','2019-11-04 02:03:03','2019-11-04 03:43:21',1,NULL),
(286,2,0,293406,293406,12,'2007','','2019-11-04 02:03:16','2019-11-04 03:43:21',1,NULL),
(287,1,0,38987,38987,1,'2007','','2019-11-04 02:06:29','2019-11-04 03:43:21',1,NULL),
(288,1,0,35398,35398,2,'2007','','2019-11-04 02:06:40','2019-11-04 03:43:21',1,NULL),
(289,1,0,35226,35226,3,'2007','','2019-11-04 02:06:52','2019-11-04 03:43:21',1,NULL),
(290,1,0,36770,36770,4,'2007','','2019-11-04 02:07:03','2019-11-04 03:43:21',1,NULL),
(291,1,0,39582,39582,5,'2007','','2019-11-04 02:07:14','2019-11-04 03:43:21',1,NULL),
(292,1,0,42832,42832,6,'2007','','2019-11-04 02:07:24','2019-11-04 03:43:21',1,NULL),
(293,1,0,55538,55538,7,'2007','','2019-11-04 02:07:34','2019-11-04 03:43:21',1,NULL),
(294,1,0,49436,49436,8,'2007','','2019-11-04 02:07:47','2019-11-04 03:43:21',1,NULL),
(295,1,0,46552,46552,9,'2007','','2019-11-04 02:08:00','2019-11-04 03:43:21',1,NULL),
(296,1,0,68114,68114,10,'2007','','2019-11-04 02:08:12','2019-11-04 03:43:21',1,NULL),
(297,1,0,51997,51997,11,'2007','','2019-11-04 02:08:33','2019-11-04 03:43:21',1,NULL),
(298,1,0,44759,44759,12,'2007','','2019-11-04 02:08:45','2019-11-04 03:43:21',1,NULL),
(299,3,150614,167520,318134,1,'2008','','2019-11-04 01:57:32','2019-11-04 03:43:21',1,NULL),
(300,3,157300,160514,317814,2,'2008','','2019-11-04 01:57:45','2019-11-04 03:43:21',1,NULL),
(301,3,163980,173555,337535,3,'2008','','2019-11-04 01:58:02','2019-11-04 03:43:21',1,NULL),
(302,3,153961,153508,307469,4,'2008','','2019-11-04 01:58:19','2019-11-04 03:43:21',1,NULL),
(303,3,166693,172451,339144,5,'2008','','2019-11-04 01:58:32','2019-11-04 03:43:21',1,NULL),
(304,3,181911,185323,367234,6,'2008','','2019-11-04 01:58:47','2019-11-04 03:43:21',1,NULL),
(305,3,196165,204981,401146,7,'2008','','2019-11-04 01:59:01','2019-11-04 03:43:21',1,NULL),
(306,3,200485,195381,395866,8,'2008','','2019-11-04 01:59:16','2019-11-04 03:43:21',1,NULL),
(307,3,192442,143418,335860,9,'2008','','2019-11-04 01:59:29','2019-11-04 03:43:21',1,NULL),
(308,3,196065,175727,371792,10,'2008','','2019-11-04 01:59:43','2019-11-04 03:43:21',1,NULL),
(309,3,151660,163901,315561,11,'2008','','2019-11-04 01:59:56','2019-11-04 03:43:21',1,NULL),
(310,3,183204,197241,380445,12,'2008','','2019-11-04 02:00:09','2019-11-04 03:43:21',1,NULL),
(311,2,0,231832,231832,1,'2008','','2019-11-04 02:00:58','2019-11-04 03:43:21',1,NULL),
(312,2,0,177025,177025,2,'2008','','2019-11-04 02:01:11','2019-11-04 03:43:21',1,NULL),
(313,2,0,217527,217527,3,'2008','','2019-11-04 02:01:23','2019-11-04 03:43:21',1,NULL),
(314,2,0,211695,211695,4,'2008','','2019-11-04 02:01:34','2019-11-04 03:43:21',1,NULL),
(315,2,0,227661,227661,5,'2008','','2019-11-04 02:01:47','2019-11-04 03:43:21',1,NULL),
(316,2,0,267837,267837,6,'2008','','2019-11-04 02:02:00','2019-11-04 03:43:21',1,NULL),
(317,2,0,376443,376443,7,'2008','','2019-11-04 02:02:14','2019-11-04 03:43:21',1,NULL),
(318,2,0,263330,263330,8,'2008','','2019-11-04 02:02:30','2019-11-04 03:43:21',1,NULL),
(319,2,0,219281,219281,9,'2008','','2019-11-04 02:02:40','2019-11-04 03:43:21',1,NULL),
(320,2,0,364394,364394,10,'2008','','2019-11-04 02:02:53','2019-11-04 03:43:21',1,NULL),
(321,2,0,195845,195845,11,'2008','','2019-11-04 02:03:03','2019-11-04 03:43:21',1,NULL),
(322,2,0,272942,272942,12,'2008','','2019-11-04 02:03:16','2019-11-04 03:43:21',1,NULL),
(323,1,0,46154,46154,1,'2008','','2019-11-04 02:06:29','2019-11-04 03:43:21',1,NULL),
(324,1,0,33378,33378,2,'2008','','2019-11-04 02:06:40','2019-11-04 03:43:21',1,NULL),
(325,1,0,42437,42437,3,'2008','','2019-11-04 02:06:52','2019-11-04 03:43:21',1,NULL),
(326,1,0,42301,42301,4,'2008','','2019-11-04 02:07:03','2019-11-04 03:43:21',1,NULL),
(327,1,0,44774,44774,5,'2008','','2019-11-04 02:07:14','2019-11-04 03:43:21',1,NULL),
(328,1,0,49485,49485,6,'2008','','2019-11-04 02:07:24','2019-11-04 03:43:21',1,NULL),
(329,1,0,58240,58240,7,'2008','','2019-11-04 02:07:34','2019-11-04 03:43:21',1,NULL),
(330,1,0,56556,56556,8,'2008','','2019-11-04 02:07:47','2019-11-04 03:43:21',1,NULL),
(331,1,0,52545,52545,9,'2008','','2019-11-04 02:08:00','2019-11-04 03:43:21',1,NULL),
(332,1,0,72544,72544,10,'2008','','2019-11-04 02:08:12','2019-11-04 03:43:21',1,NULL),
(333,1,0,47065,47065,11,'2008','','2019-11-04 02:08:33','2019-11-04 03:43:21',1,NULL),
(334,1,0,51005,51005,12,'2008','','2019-11-04 02:08:45','2019-11-04 03:43:21',1,NULL),
(335,3,178653,166217,344870,1,'2009','','2019-11-04 01:57:32','2019-11-04 03:43:21',1,NULL),
(336,3,150543,143085,293628,2,'2009','','2019-11-04 01:57:45','2019-11-04 03:43:21',1,NULL),
(337,3,180243,167349,347592,3,'2009','','2019-11-04 01:58:02','2019-11-04 03:43:21',1,NULL),
(338,3,193391,166686,360077,4,'2009','','2019-11-04 01:58:19','2019-11-04 03:43:21',NULL,NULL),
(339,3,200486,189022,389508,5,'2009','','2019-11-04 01:58:32','2019-11-04 03:43:21',NULL,NULL),
(340,3,211968,203248,415216,6,'2009','','2019-11-04 01:58:47','2019-11-04 03:43:21',NULL,NULL),
(341,3,248601,227738,476339,7,'2009','','2019-11-04 01:59:01','2019-11-04 03:43:21',NULL,NULL),
(342,3,237332,203686,441018,8,'2009','','2019-11-04 01:59:16','2019-11-04 03:43:21',NULL,NULL),
(343,3,226652,189602,416254,9,'2009','','2019-11-04 01:59:29','2019-11-04 03:43:21',NULL,NULL),
(344,3,223003,207878,430881,10,'2009','','2019-11-04 01:59:43','2019-11-04 03:43:21',NULL,NULL),
(345,3,191967,202564,394531,11,'2009','','2019-11-04 01:59:56','2019-11-04 03:43:21',NULL,NULL),
(346,3,230809,233060,463869,12,'2009','','2019-11-04 02:00:09','2019-11-04 03:43:21',NULL,NULL),
(347,2,0,245048,245048,1,'2009','','2019-11-04 02:00:58','2019-11-04 03:43:21',NULL,NULL),
(348,2,0,173440,173440,2,'2009','','2019-11-04 02:01:11','2019-11-04 03:43:21',NULL,NULL),
(349,2,0,228438,228438,3,'2009','','2019-11-04 02:01:23','2019-11-04 03:43:21',NULL,NULL),
(350,2,0,216276,216276,4,'2009','','2019-11-04 02:01:34','2019-11-04 03:43:21',NULL,NULL),
(351,2,0,260215,260215,5,'2009','','2019-11-04 02:01:47','2019-11-04 03:43:21',NULL,NULL),
(352,2,0,268338,268338,6,'2009','','2019-11-04 02:02:00','2019-11-04 03:43:21',NULL,NULL),
(353,2,0,300260,300260,7,'2009','','2019-11-04 02:02:14','2019-11-04 03:43:21',NULL,NULL),
(354,2,0,230988,230988,8,'2009','','2019-11-04 02:02:30','2019-11-04 03:43:21',NULL,NULL),
(355,2,0,359002,359002,9,'2009','','2019-11-04 02:02:40','2019-11-04 03:43:21',NULL,NULL),
(356,2,0,304918,304918,10,'2009','','2019-11-04 02:02:53','2019-11-04 03:43:21',NULL,NULL),
(357,2,0,239398,239398,11,'2009','','2019-11-04 02:03:03','2019-11-04 03:43:21',NULL,NULL),
(358,2,0,334862,334862,12,'2009','','2019-11-04 02:03:16','2019-11-04 03:43:21',NULL,NULL),
(359,1,0,48338,48338,1,'2009','','2019-11-04 02:06:29','2019-11-04 03:43:21',NULL,NULL),
(360,1,0,36570,36570,2,'2009','','2019-11-04 02:06:40','2019-11-04 03:43:21',NULL,NULL),
(361,1,0,46058,46058,3,'2009','','2019-11-04 02:06:52','2019-11-04 03:43:21',NULL,NULL),
(362,1,0,48189,48189,4,'2009','','2019-11-04 02:07:03','2019-11-04 03:43:21',NULL,NULL),
(363,1,0,51736,51736,5,'2009','','2019-11-04 02:07:14','2019-11-04 03:43:21',NULL,NULL),
(364,1,0,56465,56465,6,'2009','','2019-11-04 02:07:24','2019-11-04 03:43:21',NULL,NULL),
(365,1,0,61244,61244,7,'2009','','2019-11-04 02:07:34','2019-11-04 03:43:21',NULL,NULL),
(366,1,0,57093,57093,8,'2009','','2019-11-04 02:07:47','2019-11-04 03:43:21',NULL,NULL),
(367,1,0,66453,66453,9,'2009','','2019-11-04 02:08:00','2019-11-04 03:43:21',NULL,NULL),
(368,1,0,60641,60641,10,'2009','','2019-11-04 02:08:12','2019-11-04 03:43:21',NULL,NULL),
(369,1,0,45445,45445,11,'2009','','2019-11-04 02:08:33','2019-11-04 03:43:21',NULL,NULL),
(370,1,0,52883,52883,12,'2009','','2019-11-04 02:08:45','2019-11-04 03:43:21',NULL,NULL),
(371,3,199887,191726,391613,1,'2010','','2019-11-04 14:13:23','2019-11-04 14:13:23',NULL,NULL),
(372,3,213456,181643,395099,2,'2010','','2019-11-04 14:13:56','2019-11-04 14:13:56',NULL,NULL),
(373,3,217253,193742,410995,3,'2010','','2019-11-04 14:14:11','2019-11-04 14:14:11',NULL,NULL),
(374,3,213060,199078,412138,4,'2010','','2019-11-04 14:14:22','2019-11-04 14:14:22',NULL,NULL),
(375,3,225449,213242,438691,5,'2010','','2019-11-04 14:14:49','2019-11-04 14:14:49',NULL,NULL),
(376,3,249756,230831,480587,6,'2010','','2019-11-04 14:15:04','2019-11-04 14:15:04',NULL,NULL),
(377,3,288016,258998,547014,7,'2010','','2019-11-04 14:15:21','2019-11-04 14:15:21',NULL,NULL),
(378,3,271735,200706,472441,8,'2010','','2019-11-04 14:15:37','2019-11-04 14:15:37',NULL,NULL),
(379,3,251569,238337,489906,9,'2010','','2019-11-04 14:15:49','2019-11-04 14:15:49',NULL,NULL),
(380,3,246937,248312,495249,10,'2010','','2019-11-04 14:16:03','2019-11-04 14:16:03',NULL,NULL),
(381,3,209046,228264,437310,11,'2010','','2019-11-04 14:16:16','2019-11-04 14:16:16',NULL,NULL),
(382,3,237776,283366,521142,12,'2010','','2019-11-04 14:16:29','2019-11-04 14:16:29',NULL,NULL),
(383,2,0,370297,370297,1,'2010','','2019-11-04 14:17:04','2019-11-04 14:17:04',NULL,NULL),
(384,2,0,212083,212083,2,'2010','','2019-11-04 14:17:16','2019-11-04 14:17:16',NULL,NULL),
(385,2,0,148583,148583,3,'2010','','2019-11-04 14:17:28','2019-11-04 14:17:28',NULL,NULL),
(386,2,0,435425,435425,4,'2010','','2019-11-04 14:17:43','2019-11-04 14:17:43',NULL,NULL),
(387,2,0,460748,460748,5,'2010','','2019-11-04 14:17:59','2019-11-04 14:17:59',NULL,NULL),
(388,2,0,497747,497747,6,'2010','','2019-11-04 14:18:53','2019-11-04 14:18:53',NULL,NULL),
(389,2,0,525864,525864,7,'2010','','2019-11-04 14:19:09','2019-11-04 14:19:09',NULL,NULL),
(390,2,0,405092,405092,8,'2010','','2019-11-04 14:19:21','2019-11-04 14:19:21',NULL,NULL),
(391,2,0,700713,700713,9,'2010','','2019-11-04 14:19:38','2019-11-04 14:19:38',NULL,NULL),
(392,2,0,387955,387955,10,'2010','','2019-11-04 14:19:52','2019-11-04 14:19:52',NULL,NULL),
(393,2,0,358584,358584,11,'2010','','2019-11-04 14:20:03','2019-11-04 14:20:03',NULL,NULL),
(394,2,0,321977,321977,12,'2010','','2019-11-04 14:20:21','2019-11-04 14:20:21',NULL,NULL),
(395,1,0,46603,46603,1,'2010','','2019-11-04 02:06:29','2019-11-04 03:43:21',NULL,NULL),
(396,1,0,42159,42159,2,'2010','','2019-11-04 02:06:40','2019-11-04 03:43:21',NULL,NULL),
(397,1,0,49004,49004,3,'2010','','2019-11-04 02:06:52','2019-11-04 03:43:21',NULL,NULL),
(398,1,0,45965,45965,4,'2010','','2019-11-04 02:07:03','2019-11-04 03:43:21',NULL,NULL),
(400,1,0,36303,36303,5,'2010','','2019-11-04 02:07:14','2019-11-04 03:43:21',NULL,NULL),
(401,1,0,59751,59751,6,'2010','','2019-11-04 02:07:24','2019-11-04 03:43:21',NULL,NULL),
(402,1,0,75338,75338,7,'2010','','2019-11-04 02:07:34','2019-11-04 03:43:21',NULL,NULL),
(403,1,0,49436,49436,8,'2010','','2019-11-04 02:07:47','2019-11-04 03:43:21',NULL,NULL),
(404,1,0,105751,105751,9,'2010','','2019-11-04 02:08:00','2019-11-04 03:43:21',NULL,NULL),
(405,1,0,67973,67973,10,'2010','','2019-11-04 02:08:12','2019-11-04 03:43:21',NULL,NULL),
(406,1,0,47147,47147,11,'2010','','2019-11-04 02:08:33','2019-11-04 03:43:21',NULL,NULL),
(407,1,0,50386,50386,12,'2010','','2019-11-04 02:08:45','2019-11-04 03:43:21',NULL,NULL),
(408,3,226831,241418,468249,1,'2011','','2019-11-04 14:28:26','2019-11-04 14:28:26',NULL,NULL),
(409,3,215312,228452,443764,2,'2011','','2019-11-04 14:28:39','2019-11-04 14:28:39',NULL,NULL),
(410,3,218465,232021,450486,3,'2011','','2019-11-04 14:28:52','2019-11-04 14:28:52',NULL,NULL),
(411,3,241684,244608,486292,4,'2011','','2019-11-04 14:29:07','2019-11-04 14:29:07',NULL,NULL),
(412,3,237268,262609,499877,5,'2011','','2019-11-04 14:29:23','2019-11-04 14:29:23',NULL,NULL),
(413,3,269969,280570,550539,6,'2011','','2019-11-04 14:29:47','2019-11-04 14:29:47',NULL,NULL),
(414,3,304275,312529,616804,7,'2011','','2019-11-04 14:30:13','2019-11-04 14:30:13',NULL,NULL),
(415,3,276359,255878,532237,8,'2011','','2019-11-04 14:30:26','2019-11-04 14:30:26',NULL,NULL),
(416,3,272539,283522,556061,9,'2011','','2019-11-04 14:30:40','2019-11-04 14:30:40',NULL,NULL),
(417,3,268770,285235,554005,10,'2011','','2019-11-04 14:30:55','2019-11-04 14:30:55',NULL,NULL),
(418,3,276090,282209,558299,11,'2011','','2019-11-04 14:31:09','2019-11-04 14:31:09',NULL,NULL),
(419,3,274798,317942,592740,12,'2011','','2019-11-04 14:31:23','2019-11-04 14:31:23',NULL,NULL),
(420,2,0,228398,228398,1,'2011','','2019-11-04 14:31:23','2019-11-04 03:43:21',NULL,NULL),
(421,2,0,323260,323260,2,'2011','','2019-11-04 14:31:23','2019-11-04 03:43:21',NULL,NULL),
(423,2,0,346147,346147,3,'2011','','2019-11-04 14:31:23','2019-11-04 03:43:21',NULL,NULL),
(424,2,0,375605,375605,4,'2011','','2019-11-04 14:31:23','2019-11-04 03:43:21',NULL,NULL),
(425,2,0,474496,474496,5,'2011','','2019-11-04 14:31:23','2019-11-04 03:43:21',NULL,NULL),
(426,2,0,460659,460659,6,'2011','','2019-11-04 14:31:23','2019-11-04 03:43:21',NULL,NULL),
(427,2,0,441061,441061,7,'2011','','2019-11-04 14:31:23','2019-11-04 03:43:21',NULL,NULL),
(428,2,0,326854,326854,8,'2011','','2019-11-04 14:31:23','2019-11-04 03:43:21',NULL,NULL),
(429,2,0,508093,508093,9,'2011','','2019-11-04 14:31:23','2019-11-04 03:43:21',NULL,NULL),
(430,2,0,406452,406452,10,'2011','','2019-11-04 14:31:23','2019-11-04 03:43:21',NULL,NULL),
(431,2,0,466276,466276,11,'2011','','2019-11-04 14:31:23','2019-11-04 03:43:21',NULL,NULL),
(432,2,0,414926,414926,12,'2011','','2019-11-04 14:31:23','2019-11-04 03:43:21',NULL,NULL),
(433,1,0,43778,43778,1,'2011','','2019-11-04 14:31:23','2019-11-04 03:43:21',NULL,NULL),
(434,1,0,37888,37888,2,'2011','','2019-11-04 14:31:23','2019-11-04 03:43:21',NULL,NULL),
(435,1,0,46477,46477,3,'2011','','2019-11-04 14:31:23','2019-11-04 03:43:21',NULL,NULL),
(436,1,0,44933,44933,4,'2011','','2019-11-04 14:31:23','2019-11-04 03:43:21',NULL,NULL),
(437,1,0,50784,50784,5,'2011','','2019-11-04 14:31:23','2019-11-04 03:43:21',NULL,NULL),
(438,1,0,56555,56555,6,'2011','','2019-11-04 14:31:23','2019-11-04 03:43:21',NULL,NULL),
(439,1,0,66496,66496,7,'2011','','2019-11-04 14:31:23','2019-11-04 03:43:21',NULL,NULL),
(440,1,0,66496,66496,8,'2011','','2019-11-04 14:31:23','2019-11-04 03:43:21',NULL,NULL),
(441,1,0,62308,62308,9,'2011','','2019-11-04 14:31:23','2019-11-04 03:43:21',NULL,NULL),
(442,1,0,72627,72627,10,'2011','','2019-11-04 14:31:23','2019-11-04 03:43:21',NULL,NULL),
(443,1,0,55345,55345,11,'2011','','2019-11-04 14:31:23','2019-11-04 03:43:21',NULL,NULL),
(444,1,0,58668,58668,12,'2011','','2019-11-04 14:31:23','2019-11-04 03:43:21',NULL,NULL),
(445,3,276090,282209,558299,1,'2012','','2019-11-04 14:40:10','2019-11-04 14:40:10',NULL,NULL),
(446,3,230296,253433,483729,2,'2012','','2019-11-04 14:40:34','2019-11-04 14:40:34',NULL,NULL),
(447,3,249348,274715,524063,3,'2012','','2019-11-04 14:40:46','2019-11-04 14:40:46',NULL,NULL),
(448,3,247996,284237,532233,4,'2012','','2019-11-04 14:41:00','2019-11-04 14:41:00',NULL,NULL),
(449,3,245130,304036,549166,5,'2012','','2019-11-04 14:41:12','2019-11-04 14:41:12',NULL,NULL),
(450,3,273887,337398,611285,6,'2012','','2019-11-04 14:41:26','2019-11-04 14:41:26',NULL,NULL),
(451,3,302281,336374,638655,7,'2012','','2019-11-04 14:41:40','2019-11-04 14:41:40',NULL,NULL),
(452,3,291544,329956,621500,8,'2012','','2019-11-04 14:41:58','2019-11-04 14:41:58',NULL,NULL),
(453,3,279652,332820,612472,9,'2012','','2019-11-04 14:42:09','2019-11-04 14:42:09',NULL,NULL),
(454,3,277892,347368,625260,10,'2012','','2019-11-04 14:42:43','2019-11-04 14:42:43',NULL,NULL),
(455,3,249507,347973,597480,11,'2012','','2019-11-04 14:42:54','2019-11-04 14:42:54',NULL,NULL),
(456,3,275750,388859,664609,12,'2012','','2019-11-04 14:43:11','2019-11-04 14:44:02',NULL,NULL),
(457,2,0,342070,342070,1,'2012','','2019-11-04 14:44:40','2019-11-04 14:44:40',NULL,NULL),
(458,2,0,296339,296339,2,'2012','','2019-11-04 14:44:50','2019-11-04 14:44:50',NULL,NULL),
(459,2,0,322878,322878,3,'2012','','2019-11-04 14:45:02','2019-11-04 14:45:02',NULL,NULL),
(460,2,0,334463,334463,4,'2012','','2019-11-04 14:45:15','2019-11-04 14:45:15',NULL,NULL),
(461,2,0,347417,347417,5,'2012','','2019-11-04 14:45:26','2019-11-04 14:45:26',NULL,NULL),
(462,2,0,361661,361661,6,'2012','','2019-11-04 14:45:37','2019-11-04 14:45:37',NULL,NULL),
(463,2,0,306252,306252,7,'2012','','2019-11-04 14:45:48','2019-11-04 14:45:48',NULL,NULL),
(464,2,0,471486,471486,8,'2012','','2019-11-04 14:45:59','2019-11-04 14:45:59',NULL,NULL),
(465,2,0,367148,367148,9,'2012','','2019-11-04 14:46:08','2019-11-04 14:46:08',NULL,NULL),
(466,2,0,471485,471485,10,'2012','','2019-11-04 14:46:21','2019-11-04 14:46:21',NULL,NULL),
(467,2,0,325320,325320,11,'2012','','2019-11-04 14:46:32','2019-11-04 14:46:32',NULL,NULL),
(468,2,0,494944,494944,12,'2012','','2019-11-04 14:46:42','2019-11-04 14:46:42',NULL,NULL),
(469,1,0,45584,45584,1,'2012','','2019-11-04 14:48:00','2019-11-04 14:48:00',NULL,NULL),
(470,1,0,46934,46934,2,'2012','','2019-11-04 14:48:10','2019-11-04 14:48:10',NULL,NULL),
(471,1,0,41873,41873,3,'2012','','2019-11-04 14:48:20','2019-11-04 14:48:20',NULL,NULL),
(472,1,0,49986,49986,4,'2012','','2019-11-04 14:48:30','2019-11-04 14:48:30',NULL,NULL),
(473,1,0,46934,46934,5,'2012','','2019-11-04 14:48:40','2019-11-04 14:48:40',NULL,NULL),
(474,1,0,63813,63813,6,'2012','','2019-11-04 14:48:51','2019-11-04 14:48:51',NULL,NULL),
(475,1,0,68478,68478,7,'2012','','2019-11-04 14:49:03','2019-11-04 14:49:03',NULL,NULL),
(476,1,0,83332,83332,8,'2012','','2019-11-04 14:49:15','2019-11-04 14:49:15',NULL,NULL),
(477,1,0,68836,68836,9,'2012','','2019-11-04 14:49:26','2019-11-04 14:49:26',NULL,NULL),
(478,1,0,62318,62318,10,'2012','','2019-11-04 14:49:37','2019-11-04 14:49:37',NULL,NULL),
(479,1,0,57525,57525,11,'2012','','2019-11-04 14:49:47','2019-11-04 14:49:47',NULL,NULL),
(480,1,0,68008,68008,12,'2012','','2019-11-04 14:49:57','2019-11-04 14:49:57',NULL,NULL),
(481,3,238473,316758,555231,1,'2013','','2019-11-04 14:51:29','2019-11-04 14:51:29',NULL,NULL),
(482,3,244991,295008,539999,2,'2013','','2019-11-04 14:51:44','2019-11-04 14:51:44',NULL,NULL),
(483,3,265086,335016,600102,3,'2013','','2019-11-04 14:51:58','2019-11-04 14:51:58',NULL,NULL),
(484,3,259120,317813,576933,4,'2013','','2019-11-04 14:52:15','2019-11-04 14:52:15',NULL,NULL),
(485,3,271153,354944,626097,5,'2013','','2019-11-04 14:52:27','2019-11-04 14:52:27',NULL,NULL),
(486,3,303857,414924,718781,6,'2013','','2019-11-04 14:52:44','2019-11-04 14:52:44',NULL,NULL),
(487,3,328973,337289,666262,7,'2013','','2019-11-04 14:53:01','2019-11-04 14:53:01',NULL,NULL),
(488,3,328570,406771,735341,8,'2013','','2019-11-04 14:53:16','2019-11-04 14:53:16',NULL,NULL),
(489,3,323815,379133,702948,9,'2013','','2019-11-04 14:53:34','2019-11-04 14:53:34',NULL,NULL),
(490,3,297060,356315,653375,10,'2013','','2019-11-04 14:54:18','2019-11-04 14:54:18',NULL,NULL),
(491,3,279722,374706,654428,11,'2013','','2019-11-04 14:54:35','2019-11-04 14:54:35',NULL,NULL),
(492,3,328986,434314,763300,12,'2013','','2019-11-04 14:54:50','2019-11-04 14:54:50',NULL,NULL),
(493,2,0,390554,390554,1,'2013','','2019-11-19 12:56:42','2019-11-19 12:56:42',NULL,NULL),
(530,2,0,303898,303898,2,'2013','','2019-11-19 12:57:37','2019-11-19 12:57:37',NULL,NULL),
(531,2,0,371366,371366,3,'2013','','2019-11-19 12:58:05','2019-11-19 12:58:05',NULL,NULL),
(532,2,0,337644,337644,4,'2013','','2019-11-19 12:58:29','2019-11-19 12:58:29',NULL,NULL),
(533,2,0,393880,393880,5,'2013','','2019-11-19 12:58:57','2019-11-19 12:58:57',NULL,NULL),
(534,2,0,411723,411723,6,'2013','','2019-11-19 12:59:22','2019-11-19 12:59:22',NULL,NULL),
(535,2,0,364431,364431,7,'2013','','2019-11-19 13:00:55','2019-11-19 13:00:55',NULL,NULL),
(536,2,0,498118,498118,8,'2013','','2019-11-19 13:01:23','2019-11-19 13:01:23',NULL,NULL),
(537,2,0,328128,328128,9,'2013','','2019-11-19 13:01:45','2019-11-19 13:01:45',NULL,NULL),
(538,2,0,523251,523251,10,'2013','','2019-11-19 13:02:38','2019-11-19 13:02:38',NULL,NULL),
(539,2,0,421592,421592,11,'2013','','2019-11-19 13:03:01','2019-11-19 13:03:01',NULL,NULL),
(540,2,0,443955,443955,12,'2013','','2019-11-19 13:03:25','2019-11-19 13:03:25',NULL,NULL),
(541,1,0,52289,52289,1,'2013','','2019-11-19 13:03:56','2019-11-19 13:03:56',NULL,NULL),
(542,1,0,46660,46660,2,'2013','','2019-11-19 13:04:16','2019-11-19 13:04:16',NULL,NULL),
(543,1,0,52794,52794,3,'2013','','2019-11-19 13:04:34','2019-11-19 13:04:34',NULL,NULL),
(544,1,0,51902,51902,4,'2013','','2019-11-19 13:04:56','2019-11-19 13:04:56',NULL,NULL),
(545,1,0,53504,53504,5,'2013','','2019-11-19 13:05:16','2019-11-19 13:05:16',NULL,NULL),
(546,1,0,61151,61151,6,'2013','','2019-11-19 13:05:48','2019-11-19 13:05:48',NULL,NULL),
(547,1,0,82677,82677,7,'2013','','2019-11-19 13:06:07','2019-11-19 13:06:07',NULL,NULL),
(548,1,0,90584,90584,8,'2013','','2019-11-19 13:06:48','2019-11-19 13:06:48',NULL,NULL),
(549,1,0,61461,61461,9,'2013','','2019-11-19 13:07:07','2019-11-19 13:07:07',NULL,NULL),
(550,1,0,59741,59741,10,'2013','','2019-11-19 13:07:36','2019-11-19 13:07:36',NULL,NULL),
(551,1,0,57473,57473,11,'2013','','2019-11-19 13:07:55','2019-11-19 13:07:55',NULL,NULL),
(552,1,0,73601,73601,12,'2013','','2019-11-19 13:08:13','2019-11-19 13:08:13',NULL,NULL),
(553,3,322031,364588,686619,1,'2014','','2019-11-19 13:11:04','2019-11-19 13:11:04',NULL,NULL),
(554,3,300180,311109,611289,2,'2014','','2019-11-19 13:11:38','2019-11-19 13:11:38',NULL,NULL),
(555,3,296936,315131,612067,3,'2014','','2019-11-19 13:12:06','2019-11-19 13:12:06',NULL,NULL),
(556,3,324966,338781,663747,4,'2014','','2019-11-19 13:12:31','2019-11-19 13:12:31',NULL,NULL),
(557,3,322839,383221,706060,5,'2014','','2019-11-19 13:13:14','2019-11-19 13:13:14',NULL,NULL),
(558,3,360101,391900,752001,6,'2014','','2019-11-19 13:13:41','2019-11-19 13:13:41',NULL,NULL),
(559,3,360101,391900,752001,7,'2014','','2019-11-19 13:16:34','2019-11-19 13:16:34',NULL,NULL),
(560,3,385668,431532,817200,8,'2014','','2019-11-19 13:17:00','2019-11-19 13:17:00',NULL,NULL),
(561,3,373435,375687,749122,9,'2014','','2019-11-19 13:17:23','2019-11-19 13:17:23',NULL,NULL),
(562,3,360256,396793,757049,10,'2014','','2019-11-19 13:17:47','2019-11-19 13:17:47',NULL,NULL),
(563,3,356037,434034,790071,12,'2014','','2019-11-19 13:18:08','2019-11-19 13:18:08',NULL,NULL),
(564,2,0,421592,421592,1,'2014','','2019-11-19 13:18:55','2019-11-19 13:18:55',NULL,NULL),
(565,2,0,421598,421598,2,'2014','','2019-11-19 13:19:16','2019-11-19 13:19:16',NULL,NULL),
(566,2,0,338289,338289,3,'2014','','2019-11-19 13:19:50','2019-11-19 13:19:50',NULL,NULL),
(567,2,0,443487,443487,4,'2014','','2019-11-19 13:20:13','2019-11-19 13:20:13',NULL,NULL),
(568,2,0,584831,584831,5,'2014','','2019-11-19 13:21:53','2019-11-19 13:21:53',NULL,NULL),
(569,2,0,470768,470768,6,'2014','','2019-11-19 13:22:10','2019-11-19 13:22:10',NULL,NULL),
(570,2,0,431847,431847,7,'2014','','2019-11-19 13:22:32','2019-11-19 13:22:32',NULL,NULL),
(571,2,0,585594,585594,8,'2014','','2019-11-19 13:23:26','2019-11-19 13:23:26',NULL,NULL),
(572,2,0,372366,372366,9,'2014','','2019-11-19 13:24:01','2019-11-19 13:24:01',NULL,NULL),
(573,2,0,447828,447828,10,'2014','','2019-11-19 13:26:38','2019-11-19 13:26:38',NULL,NULL),
(574,2,0,525573,525573,12,'2014','','2019-11-19 13:27:56','2019-11-19 13:27:56',NULL,NULL),
(575,2,0,377382,377382,11,'2014','','2019-11-19 13:28:28','2019-11-19 13:28:28',NULL,NULL),
(576,1,0,58850,58850,1,'2014','','2019-11-19 13:29:04','2019-11-19 13:29:04',NULL,NULL),
(577,1,0,52517,52517,2,'2014','','2019-11-19 13:29:25','2019-11-19 13:29:25',NULL,NULL),
(578,1,0,51985,51985,3,'2014','','2019-11-19 13:29:45','2019-11-19 13:29:45',NULL,NULL),
(579,1,0,64139,64139,4,'2014','','2019-11-19 13:30:02','2019-11-19 13:30:02',NULL,NULL),
(580,1,0,66210,66210,5,'2014','','2019-11-19 13:30:25','2019-11-19 13:30:25',NULL,NULL),
(581,1,0,67348,67348,6,'2014','','2019-11-19 13:30:45','2019-11-19 13:30:45',NULL,NULL),
(582,1,0,73633,73633,7,'2014','','2019-11-19 13:31:03','2019-11-19 13:31:03',NULL,NULL),
(583,1,0,64113,64113,8,'2014','','2019-11-19 13:31:21','2019-11-19 13:31:21',NULL,NULL),
(584,1,0,64125,64125,9,'2014','','2019-11-19 13:31:51','2019-11-19 13:31:51',NULL,NULL),
(585,1,0,63482,63482,10,'2014','','2019-11-19 13:32:22','2019-11-19 13:32:22',NULL,NULL),
(586,1,0,59441,59441,11,'2014','','2019-11-19 13:32:44','2019-11-19 13:32:44',NULL,NULL),
(587,1,0,64317,64317,12,'2014','','2019-11-19 13:32:59','2019-11-19 13:32:59',NULL,NULL),
(588,3,309615,311636,621251,1,'2015','','2019-11-19 13:34:13','2019-11-19 13:34:13',NULL,NULL),
(589,3,322216,300620,622836,2,'2015','','2019-11-19 13:34:31','2019-11-19 13:34:31',NULL,NULL),
(590,3,311644,309211,620855,3,'2015','','2019-11-19 13:34:55','2019-11-19 13:34:55',NULL,NULL),
(591,3,347633,380972,728605,5,'2015','','2019-11-19 13:35:45','2019-11-19 13:35:45',NULL,NULL),
(592,3,376437,358808,735245,6,'2015','','2019-11-19 13:36:15','2019-11-19 13:36:15',NULL,NULL),
(593,3,408936,379299,788235,7,'2015','','2019-11-19 13:37:00','2019-11-19 13:37:00',NULL,NULL),
(594,3,399757,384913,784670,8,'2015','','2019-11-19 13:42:37','2019-11-19 13:42:37',NULL,NULL),
(595,3,392030,346839,738869,9,'2015','','2019-11-19 13:43:09','2019-11-19 13:43:09',NULL,NULL),
(596,3,380956,401273,782229,10,'2015','','2019-11-19 13:43:51','2019-11-19 13:43:51',NULL,NULL),
(597,3,268822,326278,595100,11,'2015','','2019-11-19 13:44:23','2019-11-19 13:44:23',NULL,NULL),
(598,3,388049,435918,823967,12,'2015','','2019-11-19 13:44:47','2019-11-19 13:44:47',NULL,NULL),
(599,2,0,448799,448799,1,'2015','','2019-11-20 19:34:17','2019-11-20 19:34:17',NULL,NULL),
(600,2,0,398368,398368,2,'2015','','2019-11-20 19:50:22','2019-11-20 19:50:22',NULL,NULL),
(601,2,0,408350,408350,3,'2015','','2019-11-20 19:50:39','2019-11-20 19:50:39',NULL,NULL),
(602,2,0,405005,405005,4,'2015','','2019-11-20 19:50:57','2019-11-20 19:50:57',NULL,NULL),
(603,2,0,458395,458395,5,'2015','','2019-11-20 19:51:20','2019-11-20 19:51:20',NULL,NULL),
(604,2,0,373855,373855,6,'2015','','2019-11-20 19:51:46','2019-11-20 19:51:46',NULL,NULL),
(605,2,0,638824,638824,7,'2015','','2019-11-20 19:52:11','2019-11-20 19:52:11',NULL,NULL),
(606,2,0,435703,435703,8,'2015','','2019-11-20 19:52:29','2019-11-20 19:52:29',NULL,NULL),
(607,2,0,365938,365938,9,'2015','','2019-11-20 19:52:44','2019-11-20 19:52:44',NULL,NULL),
(608,0,0,396742,396742,10,'2015','','2019-11-20 19:52:57','2019-11-20 19:52:57',NULL,NULL),
(609,2,0,348973,348973,11,'2015','','2019-11-20 19:53:14','2019-11-20 19:53:14',NULL,NULL),
(610,2,0,508165,508165,12,'2015','','2019-11-20 19:53:31','2019-11-20 19:53:31',NULL,NULL),
(611,1,0,55574,55574,1,'2015','','2019-11-20 19:53:59','2019-11-20 19:53:59',NULL,NULL),
(612,1,0,43946,43946,2,'2015','','2019-11-20 19:54:14','2019-11-20 19:54:14',NULL,NULL),
(613,1,0,50790,50790,3,'2015','','2019-11-20 19:54:26','2019-11-20 19:54:26',NULL,NULL),
(614,1,0,51858,51858,4,'2015','','2019-11-20 19:54:44','2019-11-20 19:54:44',NULL,NULL),
(615,1,0,57771,57771,5,'2015','','2019-11-20 19:55:10','2019-11-20 19:55:10',NULL,NULL),
(616,1,0,60015,60015,6,'2015','','2019-11-20 19:55:25','2019-11-20 19:55:25',NULL,NULL),
(618,1,0,79735,79735,7,'2015','','2019-11-20 19:56:08','2019-11-20 19:56:08',NULL,NULL),
(619,1,0,67959,67959,8,'2015','','2019-11-20 19:56:31','2019-11-20 19:56:31',NULL,NULL),
(620,1,0,59972,59972,9,'2015','','2019-11-20 19:56:48','2019-11-20 19:56:48',NULL,NULL),
(621,1,0,60702,60702,10,'2015','','2019-11-20 19:57:04','2019-11-20 19:57:04',NULL,NULL),
(622,1,0,59711,59711,11,'2015','','2019-11-20 19:57:28','2019-11-20 19:57:28',NULL,NULL),
(623,1,0,67479,67479,12,'2015','','2019-11-20 19:57:45','2019-11-20 19:57:45',NULL,NULL),
(624,3,377929,359951,737880,1,'2016','','2019-11-20 20:00:18','2019-11-20 20:00:18',NULL,NULL),
(625,3,364904,348410,713314,2,'2016','','2019-11-20 20:00:36','2019-11-20 20:00:36',NULL,NULL),
(626,3,364419,390195,754614,3,'2016','','2019-11-20 20:00:52','2019-11-20 20:00:52',NULL,NULL),
(627,3,381225,386318,767543,4,'2016','','2019-11-20 20:01:10','2019-11-20 20:01:10',NULL,NULL),
(628,3,405690,451226,856916,5,'2016','','2019-11-20 20:02:48','2019-11-20 20:02:48',NULL,NULL),
(629,3,417955,383007,800962,6,'2016','','2019-11-20 20:03:11','2019-11-20 20:03:11',NULL,NULL),
(630,3,481383,500963,982346,7,'2016','','2019-11-20 20:03:33','2019-11-20 20:03:33',NULL,NULL),
(631,3,447860,450042,897902,8,'2016','','2019-11-20 20:03:59','2019-11-20 20:03:59',NULL,NULL),
(632,3,439758,412801,852559,9,'2016','','2019-11-20 20:04:21','2019-11-20 20:04:21',NULL,NULL),
(633,3,426343,416044,842387,10,'2016','','2019-11-20 20:04:39','2019-11-20 20:04:39',NULL,NULL),
(634,3,380260,403606,783866,11,'2016','','2019-11-20 20:05:24','2019-11-20 20:05:24',NULL,NULL),
(635,3,441181,475110,916291,12,'2016','','2019-11-20 20:05:40','2019-11-20 20:05:40',NULL,NULL),
(636,2,0,578757,578757,1,'2016','','2019-11-20 20:06:05','2019-11-20 20:06:05',NULL,NULL),
(637,2,0,483791,483791,2,'2016','','2019-11-20 20:06:22','2019-11-20 20:06:22',NULL,NULL),
(638,2,0,581964,581964,3,'2016','','2019-11-20 20:07:01','2019-11-20 20:07:01',NULL,NULL),
(639,2,0,488362,488362,4,'2016','','2019-11-20 20:07:28','2019-11-20 20:07:28',NULL,NULL),
(640,2,0,599641,599641,5,'2016','','2019-11-20 20:07:41','2019-11-20 20:07:41',NULL,NULL),
(641,2,0,534188,534188,6,'2016','','2019-11-20 20:08:35','2019-11-20 20:08:35',NULL,NULL),
(642,2,0,813972,813972,7,'2016','','2019-11-20 20:08:55','2019-11-20 20:08:55',NULL,NULL),
(643,2,0,473299,473299,8,'2016','','2019-11-20 20:09:43','2019-11-20 20:09:43',NULL,NULL),
(644,2,0,591340,591340,9,'2016','','2019-11-20 20:09:58','2019-11-20 20:09:58',NULL,NULL),
(645,2,0,497517,497517,10,'2016','','2019-11-20 20:10:18','2019-11-20 20:10:18',NULL,NULL),
(646,2,0,473229,473229,11,'2016','','2019-11-20 20:11:04','2019-11-20 20:11:04',NULL,NULL),
(647,2,0,770789,770789,12,'2016','','2019-11-20 20:11:23','2019-11-20 20:11:23',NULL,NULL),
(648,1,0,57636,57636,1,'2016','','2019-11-20 20:13:20','2019-11-20 20:13:20',NULL,NULL),
(649,1,0,50645,50645,2,'2016','','2019-11-20 20:13:37','2019-11-20 20:13:37',NULL,NULL),
(650,1,0,62470,62470,3,'2016','','2019-11-20 20:13:54','2019-11-20 20:13:54',NULL,NULL),
(651,1,0,53005,53005,4,'2016','','2019-11-20 20:14:15','2019-11-20 20:14:15',NULL,NULL),
(652,1,0,62592,62592,5,'2016','','2019-11-20 20:14:34','2019-11-20 20:14:34',NULL,NULL),
(653,1,0,60258,60258,6,'2016','','2019-11-20 20:15:00','2019-11-20 20:15:00',NULL,NULL),
(655,1,0,85179,85179,7,'2016','','2019-11-20 20:28:30','2019-11-20 20:36:28',NULL,NULL),
(656,1,0,62204,62204,8,'2016','','2019-11-20 20:40:28','2019-11-20 20:40:28',NULL,NULL),
(657,0,0,58495,58495,9,'2014','','2019-11-20 20:40:44','2019-11-20 20:40:44',NULL,NULL),
(658,1,0,64204,64204,10,'2016','','2019-11-20 20:41:06','2019-11-20 20:41:06',NULL,NULL),
(659,1,0,58495,58495,11,'2016','','2019-11-20 20:41:21','2019-11-20 20:41:21',NULL,NULL),
(660,1,0,69907,69907,12,'2016','','2019-11-20 20:41:36','2019-11-20 20:41:36',NULL,NULL),
(661,3,447287,387804,835091,1,'2017','','2019-11-20 20:42:08','2019-11-20 20:42:08',NULL,NULL),
(662,3,380101,332745,712846,2,'2017','','2019-11-20 20:42:30','2019-11-20 20:42:30',NULL,NULL),
(663,3,403590,375962,779552,3,'2017','','2019-11-20 20:42:49','2019-11-20 20:42:49',NULL,NULL),
(664,3,459028,415931,874959,4,'2017','','2019-11-20 20:43:07','2019-11-20 20:43:07',NULL,NULL),
(665,3,461944,408137,870081,5,'2017','','2019-11-20 20:43:31','2019-11-20 20:43:31',NULL,NULL),
(666,3,485424,403597,889021,6,'2017','','2019-11-20 20:43:50','2019-11-20 20:43:50',NULL,NULL),
(667,3,554626,503684,1058310,7,'2017','','2019-11-20 20:44:29','2019-11-20 20:44:29',NULL,NULL),
(668,3,543139,475014,1018153,8,'2017','','2019-11-20 20:44:50','2019-11-20 20:44:50',NULL,NULL),
(669,3,497438,440381,937819,9,'2017','','2019-11-20 20:45:14','2019-11-20 20:45:14',NULL,NULL),
(670,3,427548,393517,821065,10,'2017','','2019-11-20 20:45:36','2019-11-20 20:45:36',NULL,NULL),
(671,3,334350,364273,698623,11,'2017','','2019-11-20 20:45:56','2019-11-20 20:45:56',NULL,NULL),
(672,3,323325,426955,750280,12,'2017','','2019-11-20 20:46:20','2019-11-20 20:46:20',NULL,NULL),
(673,2,0,375613,375613,1,'2017','','2019-11-20 20:47:19','2019-11-20 20:47:19',NULL,NULL),
(674,2,0,271052,271052,2,'2017','','2019-11-20 20:47:39','2019-11-20 20:47:39',NULL,NULL),
(675,2,0,344773,344773,3,'2017','','2019-11-20 20:47:53','2019-11-20 20:47:53',NULL,NULL),
(676,2,0,412362,412362,4,'2017','','2019-11-20 20:48:11','2019-11-20 20:48:11',NULL,NULL),
(677,2,0,345866,345866,5,'2017','','2019-11-20 20:48:33','2019-11-20 20:48:33',NULL,NULL),
(678,2,0,361389,361389,6,'2017','','2019-11-20 20:48:54','2019-11-20 20:48:54',NULL,NULL),
(679,2,0,532187,532187,7,'2017','','2019-11-20 20:49:10','2019-11-20 20:49:10',NULL,NULL),
(680,2,0,448376,448376,8,'2017','','2019-11-20 20:49:24','2019-11-20 20:49:24',NULL,NULL),
(681,2,0,538086,538086,9,'2017','','2019-11-20 20:49:43','2019-11-20 20:49:43',NULL,NULL),
(682,2,0,467115,467115,10,'2017','','2019-11-20 20:49:57','2019-11-20 20:49:57',NULL,NULL),
(683,2,0,508184,508184,11,'2017','','2019-11-20 20:50:13','2019-11-20 20:50:13',NULL,NULL),
(684,2,0,687308,687308,12,'2017','','2019-11-20 20:50:30','2019-11-20 20:50:30',NULL,NULL),
(685,1,0,58628,58628,1,'2017','','2019-11-20 20:51:17','2019-11-20 20:51:17',NULL,NULL),
(686,1,0,45728,45728,2,'2017','','2019-11-20 20:51:31','2019-11-20 20:51:31',NULL,NULL),
(687,1,0,51615,51615,3,'2017','','2019-11-20 20:51:41','2019-11-20 20:51:41',NULL,NULL),
(688,1,0,52168,52168,4,'2017','','2019-11-20 20:51:52','2019-11-20 20:51:52',NULL,NULL),
(689,1,0,52533,52533,5,'2017','','2019-11-20 20:52:07','2019-11-20 20:52:07',NULL,NULL),
(690,1,0,58614,58614,6,'2017','','2019-11-20 20:52:22','2019-11-20 20:52:22',NULL,NULL),
(691,1,0,75987,75987,7,'2017','','2019-11-20 20:52:36','2019-11-20 20:52:36',NULL,NULL),
(692,1,0,62835,62835,8,'2017','','2019-11-20 20:52:51','2019-11-20 20:52:51',NULL,NULL),
(693,1,0,60146,60146,9,'2017','','2019-11-20 20:53:03','2019-11-20 20:53:03',NULL,NULL),
(694,1,0,54019,54019,10,'2017','','2019-11-20 20:53:18','2019-11-20 20:53:18',NULL,NULL),
(695,1,0,53718,53718,11,'2017','','2019-11-20 20:53:34','2019-11-20 20:53:49',NULL,NULL),
(696,1,0,58160,58160,12,'2017','','2019-11-20 20:54:15','2019-11-20 20:54:15',NULL,NULL),
(697,3,371122,394330,765452,1,'2018','','2019-11-20 20:55:14','2019-11-20 20:55:14',NULL,NULL),
(698,3,444214,405378,849592,2,'2018','','2019-11-20 20:55:30','2019-11-20 20:55:30',NULL,NULL),
(699,3,480284,437430,917714,3,'2018','','2019-11-20 20:55:47','2019-11-20 20:55:47',NULL,NULL),
(700,3,506752,454709,961461,4,'2018','','2019-11-20 20:56:03','2019-11-20 20:56:03',NULL,NULL),
(701,3,513042,420162,933204,5,'2018','','2019-11-20 20:56:16','2019-11-20 20:56:16',NULL,NULL),
(702,3,548854,481479,1030333,6,'2018','','2019-11-20 20:56:36','2019-11-20 20:56:36',NULL,NULL),
(703,3,605755,538578,1144333,7,'2018','','2019-11-20 20:57:03','2019-11-20 20:57:03',NULL,NULL),
(704,3,548916,489990,1038906,8,'2018','','2019-11-20 20:57:38','2019-11-20 20:57:38',NULL,NULL),
(705,3,567512,468536,1036048,9,'2018','','2019-11-20 20:57:54','2019-11-20 20:57:54',NULL,NULL),
(706,3,542098,476692,1018790,10,'2018','','2019-11-20 20:58:16','2019-11-20 20:58:16',NULL,NULL),
(707,3,450592,445064,895656,11,'2018','','2019-11-20 20:58:37','2019-11-20 20:58:37',NULL,NULL),
(708,3,532873,518777,1051650,12,'2018','','2019-11-20 20:58:54','2019-11-20 20:58:54',NULL,NULL),
(709,2,0,532836,532836,1,'2018','','2019-11-20 20:59:19','2019-11-20 20:59:19',NULL,NULL),
(710,2,0,409614,409614,2,'2018','','2019-11-20 20:59:34','2019-11-20 20:59:34',NULL,NULL),
(711,2,0,511561,511561,3,'2018','','2019-11-20 20:59:46','2019-11-20 20:59:46',NULL,NULL),
(712,2,0,511089,511089,4,'2018','','2019-11-20 21:00:02','2019-11-20 21:00:02',NULL,NULL),
(713,2,0,422115,422115,5,'2018','','2019-11-20 21:00:21','2019-11-20 21:00:21',NULL,NULL),
(714,2,0,973396,973396,6,'2018','','2019-11-20 21:00:36','2019-11-20 21:00:36',NULL,NULL),
(715,2,0,584731,584731,7,'2018','','2019-11-20 21:00:57','2019-11-20 21:00:57',NULL,NULL),
(716,2,0,464318,464318,8,'2018','','2019-11-20 21:01:12','2019-11-20 21:01:12',NULL,NULL),
(717,2,0,492051,492051,9,'2018','','2019-11-20 21:01:30','2019-11-20 21:01:30',NULL,NULL),
(718,2,0,467522,467522,10,'2018','','2019-11-20 21:01:45','2019-11-20 21:01:45',NULL,NULL),
(719,2,0,331464,331464,11,'2018','','2019-11-20 21:02:00','2019-11-20 21:02:00',NULL,NULL),
(720,2,0,663511,663511,12,'2018','','2019-11-20 21:02:13','2019-11-20 21:02:13',NULL,NULL),
(721,1,0,48468,48468,1,'2018','','2019-11-20 21:02:42','2019-11-20 21:02:42',NULL,NULL),
(722,1,0,41438,41438,2,'2018','','2019-11-20 21:02:56','2019-11-20 21:02:56',NULL,NULL),
(723,1,0,49756,49756,3,'2018','','2019-11-20 21:03:09','2019-11-20 21:03:09',NULL,NULL),
(724,1,0,52110,52110,4,'2018','','2019-11-20 21:03:23','2019-11-20 21:03:23',NULL,NULL),
(725,1,0,52788,52788,5,'2018','','2019-11-20 21:03:39','2019-11-20 21:03:49',NULL,NULL),
(726,1,0,67789,67789,6,'2018','','2019-11-20 21:04:19','2019-11-20 21:04:19',NULL,NULL),
(727,1,0,64424,64424,7,'2018','','2019-11-20 21:04:33','2019-11-20 21:04:33',NULL,NULL),
(728,1,0,52332,52332,8,'2018','','2019-11-20 21:04:46','2019-11-20 21:04:46',NULL,NULL),
(729,1,0,52418,52418,9,'2018','','2019-11-20 21:04:59','2019-11-20 21:04:59',NULL,NULL),
(730,1,0,52384,52384,10,'2018','','2019-11-20 21:05:13','2019-11-20 21:05:13',NULL,NULL),
(731,1,0,50625,50625,11,'2018','','2019-11-20 21:05:29','2019-11-20 21:05:29',NULL,NULL),
(732,1,0,55457,55457,12,'2018','','2019-11-20 21:05:41','2019-11-20 21:05:41',NULL,NULL),
(733,3,327145,339866,667011,4,'2015','','2019-11-20 21:35:42','2019-11-20 21:35:42',NULL,NULL),
(734,2,0,396742,396742,10,'2015','','2019-11-20 21:38:13','2019-11-20 21:38:13',NULL,NULL),
(735,3,311934,379872,691806,11,'2014','','2019-11-20 21:46:45','2019-11-20 21:46:45',NULL,NULL),
(736,1,0,58495,58495,9,'2016','','2019-11-20 21:50:46','2019-11-20 21:50:46',NULL,NULL),
(737,3,132810,67769,200579,7,'2001','','2019-11-20 21:54:50','2019-11-20 21:54:50',NULL,NULL),
(738,NULL,NULL,NULL,NULL,1,'2020','test','2020-01-22 23:28:17','2020-01-22 23:28:17',NULL,NULL);

/*Table structure for table `tb_jlh_restoran` */

DROP TABLE IF EXISTS `tb_jlh_restoran`;

CREATE TABLE `tb_jlh_restoran` (
  `id_jlh_restoran` int(10) NOT NULL AUTO_INCREMENT,
  `id_restoran` int(10) DEFAULT NULL,
  `tahun` varchar(20) DEFAULT NULL,
  `jlh_kursi` bigint(19) DEFAULT NULL,
  `created_at` timestamp NOT NULL DEFAULT CURRENT_TIMESTAMP,
  `updated_at` timestamp NOT NULL DEFAULT CURRENT_TIMESTAMP ON UPDATE CURRENT_TIMESTAMP,
  `created_by` int(10) DEFAULT NULL,
  `updated_by` int(10) DEFAULT NULL,
  `keterangan` varchar(100) DEFAULT NULL,
  PRIMARY KEY (`id_jlh_restoran`)
) ENGINE=InnoDB AUTO_INCREMENT=2 DEFAULT CHARSET=latin1;

/*Data for the table `tb_jlh_restoran` */

insert  into `tb_jlh_restoran`(`id_jlh_restoran`,`id_restoran`,`tahun`,`jlh_kursi`,`created_at`,`updated_at`,`created_by`,`updated_by`,`keterangan`) values 
(1,18,'2020',1000,'2020-01-22 23:10:56','2020-01-22 23:11:02',1,1,'abcd');

/*Table structure for table `tb_jlh_wisman` */

DROP TABLE IF EXISTS `tb_jlh_wisman`;

CREATE TABLE `tb_jlh_wisman` (
  `id_jlh_wisman` int(10) NOT NULL AUTO_INCREMENT,
  `id_nationality` int(10) DEFAULT NULL,
  `jumlah` bigint(19) DEFAULT NULL,
  `id_bulan` int(10) DEFAULT NULL,
  `tahun` varchar(20) DEFAULT NULL,
  `keterangan` varchar(100) DEFAULT NULL,
  `created_by` int(10) DEFAULT NULL,
  `updated_by` int(10) DEFAULT NULL,
  `created_at` timestamp NOT NULL DEFAULT CURRENT_TIMESTAMP,
  `updated_at` timestamp NOT NULL DEFAULT CURRENT_TIMESTAMP ON UPDATE CURRENT_TIMESTAMP,
  PRIMARY KEY (`id_jlh_wisman`)
) ENGINE=InnoDB AUTO_INCREMENT=6 DEFAULT CHARSET=latin1;

/*Data for the table `tb_jlh_wisman` */

insert  into `tb_jlh_wisman`(`id_jlh_wisman`,`id_nationality`,`jumlah`,`id_bulan`,`tahun`,`keterangan`,`created_by`,`updated_by`,`created_at`,`updated_at`) values 
(5,7,1111,2,'2020','test',1,1,'2020-01-22 23:31:12','2020-01-22 23:31:12');

/*Table structure for table `tb_kabupaten` */

DROP TABLE IF EXISTS `tb_kabupaten`;

CREATE TABLE `tb_kabupaten` (
  `id_kabupaten` int(10) NOT NULL AUTO_INCREMENT,
  `kabupaten` varchar(100) DEFAULT NULL,
  `ket` varchar(191) DEFAULT NULL,
  PRIMARY KEY (`id_kabupaten`)
) ENGINE=InnoDB AUTO_INCREMENT=10 DEFAULT CHARSET=latin1;

/*Data for the table `tb_kabupaten` */

insert  into `tb_kabupaten`(`id_kabupaten`,`kabupaten`,`ket`) values 
(1,'Denpasar',NULL),
(2,'Badung',NULL),
(3,'Bangli',NULL),
(4,'Buleleng',NULL),
(5,'Gianyar',NULL),
(6,'Jembrana',NULL),
(7,'Klungkung',NULL),
(8,'Karangasem',NULL),
(9,'Tabanan',NULL);

/*Table structure for table `tb_kat_akomodasi` */

DROP TABLE IF EXISTS `tb_kat_akomodasi`;

CREATE TABLE `tb_kat_akomodasi` (
  `id_kategori` int(10) NOT NULL AUTO_INCREMENT,
  `kategori` varchar(50) DEFAULT NULL,
  PRIMARY KEY (`id_kategori`)
) ENGINE=InnoDB AUTO_INCREMENT=4 DEFAULT CHARSET=latin1;

/*Data for the table `tb_kat_akomodasi` */

insert  into `tb_kat_akomodasi`(`id_kategori`,`kategori`) values 
(1,'Hotel Bintang'),
(2,'Hotel Melati'),
(3,'Pondok Wisata');

/*Table structure for table `tb_kelas` */

DROP TABLE IF EXISTS `tb_kelas`;

CREATE TABLE `tb_kelas` (
  `id_kelas` int(10) NOT NULL AUTO_INCREMENT,
  `kelas` varchar(50) DEFAULT NULL,
  PRIMARY KEY (`id_kelas`)
) ENGINE=InnoDB AUTO_INCREMENT=4 DEFAULT CHARSET=latin1;

/*Data for the table `tb_kelas` */

insert  into `tb_kelas`(`id_kelas`,`kelas`) values 
(1,'Hotel Bintang'),
(2,'Hotel Melati'),
(3,'Pondok Wisata');

/*Table structure for table `tb_nationality` */

DROP TABLE IF EXISTS `tb_nationality`;

CREATE TABLE `tb_nationality` (
  `id_nationality` int(10) NOT NULL AUTO_INCREMENT,
  `id_group` int(10) DEFAULT NULL,
  `nationality` varchar(200) DEFAULT NULL,
  `keterangan` varchar(100) DEFAULT NULL,
  `created_by` int(11) DEFAULT NULL,
  `updated_by` int(11) DEFAULT NULL,
  `created_at` timestamp NOT NULL DEFAULT CURRENT_TIMESTAMP,
  `updated_at` timestamp NOT NULL DEFAULT CURRENT_TIMESTAMP ON UPDATE CURRENT_TIMESTAMP,
  PRIMARY KEY (`id_nationality`)
) ENGINE=InnoDB AUTO_INCREMENT=8 DEFAULT CHARSET=latin1;

/*Data for the table `tb_nationality` */

insert  into `tb_nationality`(`id_nationality`,`id_group`,`nationality`,`keterangan`,`created_by`,`updated_by`,`created_at`,`updated_at`) values 
(6,7,'yyyy','test',1,1,'2020-01-22 19:14:49','2020-01-22 19:14:49'),
(7,11,'Algria','test',1,1,'2020-01-22 19:16:57','2020-01-22 19:16:57');

/*Table structure for table `tb_pintu_masuk` */

DROP TABLE IF EXISTS `tb_pintu_masuk`;

CREATE TABLE `tb_pintu_masuk` (
  `id_pintu_masuk` int(10) NOT NULL AUTO_INCREMENT,
  `pintu_masuk` varchar(191) DEFAULT NULL,
  `id_kabupaten` int(10) DEFAULT NULL,
  `keterangan` varchar(191) DEFAULT NULL,
  PRIMARY KEY (`id_pintu_masuk`)
) ENGINE=InnoDB AUTO_INCREMENT=7 DEFAULT CHARSET=latin1;

/*Data for the table `tb_pintu_masuk` */

insert  into `tb_pintu_masuk`(`id_pintu_masuk`,`pintu_masuk`,`id_kabupaten`,`keterangan`) values 
(1,'Pelabuhan Lembar-Padang Bai',1,NULL),
(2,'Pelabuhan Ketapang-Gilimanuk',1,NULL),
(3,'Bandar Udara Internasional I Gusti Ngurah Rai',1,NULL),
(4,'Pelabuhan Benoa',1,NULL),
(5,'Pelabuhan Celukan Bawang',1,NULL),
(6,'Pelabuhan Padang Bai',1,NULL);

/*Table structure for table `tb_pramuwisata` */

DROP TABLE IF EXISTS `tb_pramuwisata`;

CREATE TABLE `tb_pramuwisata` (
  `id_pramuwisata` int(10) NOT NULL AUTO_INCREMENT,
  `id_pramuwisata_lang` int(10) DEFAULT NULL,
  `tahun` varchar(20) DEFAULT NULL,
  `jumlah` bigint(19) DEFAULT NULL,
  `keterangan` varchar(191) DEFAULT NULL,
  `created_by` int(10) DEFAULT NULL,
  `updated_by` int(10) DEFAULT NULL,
  `created_at` timestamp NOT NULL DEFAULT CURRENT_TIMESTAMP,
  `updated_at` timestamp NOT NULL DEFAULT CURRENT_TIMESTAMP,
  PRIMARY KEY (`id_pramuwisata`)
) ENGINE=InnoDB AUTO_INCREMENT=3 DEFAULT CHARSET=latin1;

/*Data for the table `tb_pramuwisata` */

insert  into `tb_pramuwisata`(`id_pramuwisata`,`id_pramuwisata_lang`,`tahun`,`jumlah`,`keterangan`,`created_by`,`updated_by`,`created_at`,`updated_at`) values 
(1,1,'2019',122,'test',1,1,'2019-11-18 22:26:28','2019-11-18 23:08:23'),
(2,2,'2019',12334,'testing',1,1,'2019-11-18 23:03:06','2019-11-18 23:08:20');

/*Table structure for table `tb_pramuwisata_lang` */

DROP TABLE IF EXISTS `tb_pramuwisata_lang`;

CREATE TABLE `tb_pramuwisata_lang` (
  `id_pramuwisata_lang` int(10) NOT NULL AUTO_INCREMENT,
  `language` varchar(191) DEFAULT NULL,
  `created_by` int(10) DEFAULT NULL,
  `updated_by` int(10) DEFAULT NULL,
  `created_at` timestamp NOT NULL DEFAULT CURRENT_TIMESTAMP,
  `updated_at` timestamp NOT NULL DEFAULT CURRENT_TIMESTAMP,
  PRIMARY KEY (`id_pramuwisata_lang`)
) ENGINE=InnoDB AUTO_INCREMENT=15 DEFAULT CHARSET=latin1;

/*Data for the table `tb_pramuwisata_lang` */

insert  into `tb_pramuwisata_lang`(`id_pramuwisata_lang`,`language`,`created_by`,`updated_by`,`created_at`,`updated_at`) values 
(1,'Jepang',1,1,'2019-11-18 22:43:09','2019-11-18 22:43:09'),
(2,'Inggris',1,NULL,'2019-11-18 22:43:13','2019-11-18 22:43:13'),
(3,'Mandarin',1,NULL,'2019-11-18 22:43:16','2019-11-18 22:43:16'),
(4,'Korea',1,NULL,'2019-11-18 22:43:19','2019-11-18 22:43:19'),
(5,'Perancis',1,NULL,'2019-11-18 22:43:21','2019-11-18 22:43:21'),
(6,'Jerman',1,NULL,'2019-11-18 22:43:25','2019-11-18 22:43:25'),
(7,'Italia',1,NULL,'2019-11-18 22:43:28','2019-11-18 22:43:28'),
(8,'Belanda',1,NULL,'2019-11-18 22:43:32','2019-11-18 22:43:32'),
(9,'Spanyol',1,NULL,'2019-11-18 22:43:35','2019-11-18 22:43:35'),
(10,'Rusia',1,NULL,'2019-11-18 22:43:38','2019-11-18 22:43:38'),
(11,'Denmark',1,NULL,'2019-11-18 22:43:40','2019-11-18 22:43:40'),
(12,'Indonesia',1,NULL,'2019-11-18 22:43:45','2019-11-18 22:43:45'),
(13,'Swedia',1,NULL,'2019-11-18 22:43:50','2019-11-18 22:43:50'),
(14,'Arab',1,NULL,'2019-11-18 22:43:58','2019-11-18 22:43:58');

/*Table structure for table `tb_restoran` */

DROP TABLE IF EXISTS `tb_restoran`;

CREATE TABLE `tb_restoran` (
  `id_restoran` int(10) NOT NULL AUTO_INCREMENT,
  `id_kabupaten` int(10) DEFAULT NULL,
  `nama_restoran` varchar(100) DEFAULT NULL,
  `pemilik` varchar(100) DEFAULT NULL,
  `alamat` varchar(300) DEFAULT NULL,
  `keterangan` varchar(191) DEFAULT NULL,
  `telp_hp` varchar(50) DEFAULT NULL,
  `fax` varchar(50) DEFAULT NULL,
  `status` varchar(100) DEFAULT 'Terdaftar',
  `created_by` int(11) DEFAULT NULL,
  `updated_by` int(11) DEFAULT NULL,
  `created_at` timestamp NOT NULL DEFAULT CURRENT_TIMESTAMP,
  `updated_at` timestamp NOT NULL DEFAULT CURRENT_TIMESTAMP ON UPDATE CURRENT_TIMESTAMP,
  PRIMARY KEY (`id_restoran`)
) ENGINE=InnoDB AUTO_INCREMENT=19 DEFAULT CHARSET=latin1;

/*Data for the table `tb_restoran` */

insert  into `tb_restoran`(`id_restoran`,`id_kabupaten`,`nama_restoran`,`pemilik`,`alamat`,`keterangan`,`telp_hp`,`fax`,`status`,`created_by`,`updated_by`,`created_at`,`updated_at`) values 
(14,1,'KFC','Evan','Jl.Hasanudin 59','test','09888','11111','Tidak Terdaftar Lagi',1,1,'2020-01-21 13:04:01','2020-01-22 09:49:57'),
(15,1,'KFC','evan','Jl. Gatot Subroto','','','','Tidak Terdaftar Lagi',1,1,'2020-01-21 13:04:17','2020-01-22 09:01:36'),
(16,2,'Yerlo','Evan','Jl. By Pass Ngurah Rai No. 23 Sanur','test','082237997747','0361-288415','Tidak Terdaftar Lagi',1,1,'2020-01-22 10:36:26','2020-01-22 10:36:33'),
(17,1,'KFC','asdasd','Jl. By Pass Ngurah Rai No. 23 Sanur','test','082237997747','0361-288415','Tidak Terdaftar Lagi',1,1,'2020-01-22 10:37:13','2020-01-22 10:37:17'),
(18,1,'KFC','asdasd','Jl. By Pass Ngurah Rai No. 23 Sanur','test','082237997747','0361-288415','Terdaftar',1,1,'2020-01-22 23:10:44','2020-01-22 23:10:44');

/*!40101 SET SQL_MODE=@OLD_SQL_MODE */;
/*!40014 SET FOREIGN_KEY_CHECKS=@OLD_FOREIGN_KEY_CHECKS */;
/*!40014 SET UNIQUE_CHECKS=@OLD_UNIQUE_CHECKS */;
/*!40111 SET SQL_NOTES=@OLD_SQL_NOTES */;
